workload	system	metric	value	unit	source_result_dir
workloada	baseline	throughput	350652	ops/sec	/home/smrc/virtual_compaction/eval-vcomp/log_runs/q3_flex_read10tb_realistic_ab_260610/baseline/motivation_10tb_1kb_basecopy/workloada
workloada	baseline	latency_p50	13.786645	us	/home/smrc/virtual_compaction/eval-vcomp/log_runs/q3_flex_read10tb_realistic_ab_260610/baseline/motivation_10tb_1kb_basecopy/workloada
workloada	baseline	latency_p95	160.964352	us	/home/smrc/virtual_compaction/eval-vcomp/log_runs/q3_flex_read10tb_realistic_ab_260610/baseline/motivation_10tb_1kb_basecopy/workloada
workloada	baseline	latency_p99	248.494836	us	/home/smrc/virtual_compaction/eval-vcomp/log_runs/q3_flex_read10tb_realistic_ab_260610/baseline/motivation_10tb_1kb_basecopy/workloada
workloada	baseline	disk_read	966757.51	MiB	/home/smrc/virtual_compaction/eval-vcomp/log_runs/q3_flex_read10tb_realistic_ab_260610/baseline/motivation_10tb_1kb_basecopy/workloada
workloada	baseline	disk_write	665913.51	MiB	/home/smrc/virtual_compaction/eval-vcomp/log_runs/q3_flex_read10tb_realistic_ab_260610/baseline/motivation_10tb_1kb_basecopy/workloada
workloada	vcomp	throughput	468750	ops/sec	/home/smrc/virtual_compaction/eval-vcomp/log_runs/q3_flex_read10tb_realistic_ab_260610/vcomp/motivation_10tb_1kb_w512/workloada
workloada	vcomp	latency_p50	13.518563	us	/home/smrc/virtual_compaction/eval-vcomp/log_runs/q3_flex_read10tb_realistic_ab_260610/vcomp/motivation_10tb_1kb_w512/workloada
workloada	vcomp	latency_p95	164.227407	us	/home/smrc/virtual_compaction/eval-vcomp/log_runs/q3_flex_read10tb_realistic_ab_260610/vcomp/motivation_10tb_1kb_w512/workloada
workloada	vcomp	latency_p99	290.156941	us	/home/smrc/virtual_compaction/eval-vcomp/log_runs/q3_flex_read10tb_realistic_ab_260610/vcomp/motivation_10tb_1kb_w512/workloada
workloada	vcomp	disk_read	1143051.90	MiB	/home/smrc/virtual_compaction/eval-vcomp/log_runs/q3_flex_read10tb_realistic_ab_260610/vcomp/motivation_10tb_1kb_w512/workloada
workloada	vcomp	disk_write	800933.13	MiB	/home/smrc/virtual_compaction/eval-vcomp/log_runs/q3_flex_read10tb_realistic_ab_260610/vcomp/motivation_10tb_1kb_w512/workloada
workloadb	baseline	throughput	1548558	ops/sec	/home/smrc/virtual_compaction/eval-vcomp/log_runs/q3_flex_read10tb_realistic_ab_260610/baseline/motivation_10tb_1kb_basecopy/workloadb
workloadb	baseline	latency_p50	7.538673	us	/home/smrc/virtual_compaction/eval-vcomp/log_runs/q3_flex_read10tb_realistic_ab_260610/baseline/motivation_10tb_1kb_basecopy/workloadb
workloadb	baseline	latency_p95	105.466545	us	/home/smrc/virtual_compaction/eval-vcomp/log_runs/q3_flex_read10tb_realistic_ab_260610/baseline/motivation_10tb_1kb_basecopy/workloadb
workloadb	baseline	latency_p99	167.487307	us	/home/smrc/virtual_compaction/eval-vcomp/log_runs/q3_flex_read10tb_realistic_ab_260610/baseline/motivation_10tb_1kb_basecopy/workloadb
workloadb	baseline	disk_read	1201013.88	MiB	/home/smrc/virtual_compaction/eval-vcomp/log_runs/q3_flex_read10tb_realistic_ab_260610/baseline/motivation_10tb_1kb_basecopy/workloadb
workloadb	baseline	disk_write	303369.36	MiB	/home/smrc/virtual_compaction/eval-vcomp/log_runs/q3_flex_read10tb_realistic_ab_260610/baseline/motivation_10tb_1kb_basecopy/workloadb
workloadb	vcomp	throughput	1671459	ops/sec	/home/smrc/virtual_compaction/eval-vcomp/log_runs/q3_flex_read10tb_realistic_ab_260610/vcomp/motivation_10tb_1kb_w512/workloadb
workloadb	vcomp	latency_p50	7.127531	us	/home/smrc/virtual_compaction/eval-vcomp/log_runs/q3_flex_read10tb_realistic_ab_260610/vcomp/motivation_10tb_1kb_w512/workloadb
workloadb	vcomp	latency_p95	105.119763	us	/home/smrc/virtual_compaction/eval-vcomp/log_runs/q3_flex_read10tb_realistic_ab_260610/vcomp/motivation_10tb_1kb_w512/workloadb
workloadb	vcomp	latency_p99	163.446747	us	/home/smrc/virtual_compaction/eval-vcomp/log_runs/q3_flex_read10tb_realistic_ab_260610/vcomp/motivation_10tb_1kb_w512/workloadb
workloadb	vcomp	disk_read	1243252.43	MiB	/home/smrc/virtual_compaction/eval-vcomp/log_runs/q3_flex_read10tb_realistic_ab_260610/vcomp/motivation_10tb_1kb_w512/workloadb
workloadb	vcomp	disk_write	309671.91	MiB	/home/smrc/virtual_compaction/eval-vcomp/log_runs/q3_flex_read10tb_realistic_ab_260610/vcomp/motivation_10tb_1kb_w512/workloadb
workloadc	baseline	throughput	2033885	ops/sec	/home/smrc/virtual_compaction/eval-vcomp/log_runs/q3_flex_read10tb_realistic_c_260610/baseline/motivation_10tb_1kb_basecopy/workloadc
workloadc	baseline	latency_p50	6.702108	us	/home/smrc/virtual_compaction/eval-vcomp/log_runs/q3_flex_read10tb_realistic_c_260610/baseline/motivation_10tb_1kb_basecopy/workloadc
workloadc	baseline	latency_p95	101.874445	us	/home/smrc/virtual_compaction/eval-vcomp/log_runs/q3_flex_read10tb_realistic_c_260610/baseline/motivation_10tb_1kb_basecopy/workloadc
workloadc	baseline	latency_p99	109.835844	us	/home/smrc/virtual_compaction/eval-vcomp/log_runs/q3_flex_read10tb_realistic_c_260610/baseline/motivation_10tb_1kb_basecopy/workloadc
workloadc	baseline	disk_read	993856.91	MiB	/home/smrc/virtual_compaction/eval-vcomp/log_runs/q3_flex_read10tb_realistic_c_260610/baseline/motivation_10tb_1kb_basecopy/workloadc
workloadc	baseline	disk_write	0.00	MiB	/home/smrc/virtual_compaction/eval-vcomp/log_runs/q3_flex_read10tb_realistic_c_260610/baseline/motivation_10tb_1kb_basecopy/workloadc
workloadc	vcomp	throughput	2129210	ops/sec	/home/smrc/virtual_compaction/eval-vcomp/log_runs/q3_flex_read10tb_realistic_c_260610/vcomp/motivation_10tb_1kb_w512/workloadc
workloadc	vcomp	latency_p50	5.922814	us	/home/smrc/virtual_compaction/eval-vcomp/log_runs/q3_flex_read10tb_realistic_c_260610/vcomp/motivation_10tb_1kb_w512/workloadc
workloadc	vcomp	latency_p95	101.497158	us	/home/smrc/virtual_compaction/eval-vcomp/log_runs/q3_flex_read10tb_realistic_c_260610/vcomp/motivation_10tb_1kb_w512/workloadc
workloadc	vcomp	latency_p99	109.607548	us	/home/smrc/virtual_compaction/eval-vcomp/log_runs/q3_flex_read10tb_realistic_c_260610/vcomp/motivation_10tb_1kb_w512/workloadc
workloadc	vcomp	disk_read	992901.17	MiB	/home/smrc/virtual_compaction/eval-vcomp/log_runs/q3_flex_read10tb_realistic_c_260610/vcomp/motivation_10tb_1kb_w512/workloadc
workloadc	vcomp	disk_write	0.00	MiB	/home/smrc/virtual_compaction/eval-vcomp/log_runs/q3_flex_read10tb_realistic_c_260610/vcomp/motivation_10tb_1kb_w512/workloadc
workloadd	baseline	throughput	2265668	ops/sec	/home/smrc/virtual_compaction/eval-vcomp/log_runs/q3_flex_read10tb_realistic_de_260610/baseline/motivation_10tb_1kb_basecopy/workloadd
workloadd	baseline	latency_p50	3.663920	us	/home/smrc/virtual_compaction/eval-vcomp/log_runs/q3_flex_read10tb_realistic_de_260610/baseline/motivation_10tb_1kb_basecopy/workloadd
workloadd	baseline	latency_p95	100.177948	us	/home/smrc/virtual_compaction/eval-vcomp/log_runs/q3_flex_read10tb_realistic_de_260610/baseline/motivation_10tb_1kb_basecopy/workloadd
workloadd	baseline	latency_p99	109.607808	us	/home/smrc/virtual_compaction/eval-vcomp/log_runs/q3_flex_read10tb_realistic_de_260610/baseline/motivation_10tb_1kb_basecopy/workloadd
workloadd	baseline	disk_read	873920.43	MiB	/home/smrc/virtual_compaction/eval-vcomp/log_runs/q3_flex_read10tb_realistic_de_260610/baseline/motivation_10tb_1kb_basecopy/workloadd
workloadd	baseline	disk_write	35390.45	MiB	/home/smrc/virtual_compaction/eval-vcomp/log_runs/q3_flex_read10tb_realistic_de_260610/baseline/motivation_10tb_1kb_basecopy/workloadd
workloadd	vcomp	throughput	2555104	ops/sec	/home/smrc/virtual_compaction/eval-vcomp/log_runs/q3_flex_read10tb_realistic_de_260610/vcomp/motivation_10tb_1kb_w512/workloadd
workloadd	vcomp	latency_p50	3.351141	us	/home/smrc/virtual_compaction/eval-vcomp/log_runs/q3_flex_read10tb_realistic_de_260610/vcomp/motivation_10tb_1kb_w512/workloadd
workloadd	vcomp	latency_p95	99.363235	us	/home/smrc/virtual_compaction/eval-vcomp/log_runs/q3_flex_read10tb_realistic_de_260610/vcomp/motivation_10tb_1kb_w512/workloadd
workloadd	vcomp	latency_p99	109.229951	us	/home/smrc/virtual_compaction/eval-vcomp/log_runs/q3_flex_read10tb_realistic_de_260610/vcomp/motivation_10tb_1kb_w512/workloadd
workloadd	vcomp	disk_read	927851.62	MiB	/home/smrc/virtual_compaction/eval-vcomp/log_runs/q3_flex_read10tb_realistic_de_260610/vcomp/motivation_10tb_1kb_w512/workloadd
workloadd	vcomp	disk_write	40500.59	MiB	/home/smrc/virtual_compaction/eval-vcomp/log_runs/q3_flex_read10tb_realistic_de_260610/vcomp/motivation_10tb_1kb_w512/workloadd
workloade	baseline	throughput	107420	ops/sec	/home/smrc/virtual_compaction/eval-vcomp/log_runs/q3_flex_read10tb_realistic_de_260610/baseline/motivation_10tb_1kb_basecopy/workloade
workloade	baseline	disk_read	1701421.07	MiB	/home/smrc/virtual_compaction/eval-vcomp/log_runs/q3_flex_read10tb_realistic_de_260610/baseline/motivation_10tb_1kb_basecopy/workloade
workloade	baseline	disk_write	2358.11	MiB	/home/smrc/virtual_compaction/eval-vcomp/log_runs/q3_flex_read10tb_realistic_de_260610/baseline/motivation_10tb_1kb_basecopy/workloade
workloade	vcomp	throughput	140567	ops/sec	/home/smrc/virtual_compaction/eval-vcomp/log_runs/q3_flex_read10tb_realistic_de_260610/vcomp/motivation_10tb_1kb_w512/workloade
workloade	vcomp	disk_read	1751767.68	MiB	/home/smrc/virtual_compaction/eval-vcomp/log_runs/q3_flex_read10tb_realistic_de_260610/vcomp/motivation_10tb_1kb_w512/workloade
workloade	vcomp	disk_write	2827.71	MiB	/home/smrc/virtual_compaction/eval-vcomp/log_runs/q3_flex_read10tb_realistic_de_260610/vcomp/motivation_10tb_1kb_w512/workloade
workloadf	baseline	throughput	343059	ops/sec	/home/smrc/virtual_compaction/eval-vcomp/log_runs/q3_flex_read10tb_realistic_fmix_260610/baseline/motivation_10tb_1kb_basecopy/workloadf
workloadf	baseline	latency_p50	12.637018	us	/home/smrc/virtual_compaction/eval-vcomp/log_runs/q3_flex_read10tb_realistic_fmix_260610/baseline/motivation_10tb_1kb_basecopy/workloadf
workloadf	baseline	latency_p95	152.896263	us	/home/smrc/virtual_compaction/eval-vcomp/log_runs/q3_flex_read10tb_realistic_fmix_260610/baseline/motivation_10tb_1kb_basecopy/workloadf
workloadf	baseline	latency_p99	265.303996	us	/home/smrc/virtual_compaction/eval-vcomp/log_runs/q3_flex_read10tb_realistic_fmix_260610/baseline/motivation_10tb_1kb_basecopy/workloadf
workloadf	baseline	disk_read	1118962.97	MiB	/home/smrc/virtual_compaction/eval-vcomp/log_runs/q3_flex_read10tb_realistic_fmix_260610/baseline/motivation_10tb_1kb_basecopy/workloadf
workloadf	baseline	disk_write	656427.98	MiB	/home/smrc/virtual_compaction/eval-vcomp/log_runs/q3_flex_read10tb_realistic_fmix_260610/baseline/motivation_10tb_1kb_basecopy/workloadf
workloadf	vcomp	throughput	457785	ops/sec	/home/smrc/virtual_compaction/eval-vcomp/log_runs/q3_flex_read10tb_realistic_fmix_260610/vcomp/motivation_10tb_1kb_w512/workloadf
workloadf	vcomp	latency_p50	12.500205	us	/home/smrc/virtual_compaction/eval-vcomp/log_runs/q3_flex_read10tb_realistic_fmix_260610/vcomp/motivation_10tb_1kb_w512/workloadf
workloadf	vcomp	latency_p95	155.998239	us	/home/smrc/virtual_compaction/eval-vcomp/log_runs/q3_flex_read10tb_realistic_fmix_260610/vcomp/motivation_10tb_1kb_w512/workloadf
workloadf	vcomp	latency_p99	293.149217	us	/home/smrc/virtual_compaction/eval-vcomp/log_runs/q3_flex_read10tb_realistic_fmix_260610/vcomp/motivation_10tb_1kb_w512/workloadf
workloadf	vcomp	disk_read	1336008.83	MiB	/home/smrc/virtual_compaction/eval-vcomp/log_runs/q3_flex_read10tb_realistic_fmix_260610/vcomp/motivation_10tb_1kb_w512/workloadf
workloadf	vcomp	disk_write	781809.73	MiB	/home/smrc/virtual_compaction/eval-vcomp/log_runs/q3_flex_read10tb_realistic_fmix_260610/vcomp/motivation_10tb_1kb_w512/workloadf
mixgraph	baseline	throughput	645471	ops/sec	/home/smrc/virtual_compaction/eval-vcomp/log_runs/q3_flex_read10tb_realistic_fmix_260610/baseline/motivation_10tb_1kb_basecopy/mixgraph
mixgraph	baseline	latency_p50	12.848601	us	/home/smrc/virtual_compaction/eval-vcomp/log_runs/q3_flex_read10tb_realistic_fmix_260610/baseline/motivation_10tb_1kb_basecopy/mixgraph
mixgraph	baseline	latency_p95	109.396836	us	/home/smrc/virtual_compaction/eval-vcomp/log_runs/q3_flex_read10tb_realistic_fmix_260610/baseline/motivation_10tb_1kb_basecopy/mixgraph
mixgraph	baseline	latency_p99	165.204058	us	/home/smrc/virtual_compaction/eval-vcomp/log_runs/q3_flex_read10tb_realistic_fmix_260610/baseline/motivation_10tb_1kb_basecopy/mixgraph
mixgraph	baseline	disk_read	2019252.16	MiB	/home/smrc/virtual_compaction/eval-vcomp/log_runs/q3_flex_read10tb_realistic_fmix_260610/baseline/motivation_10tb_1kb_basecopy/mixgraph
mixgraph	baseline	disk_write	28220.56	MiB	/home/smrc/virtual_compaction/eval-vcomp/log_runs/q3_flex_read10tb_realistic_fmix_260610/baseline/motivation_10tb_1kb_basecopy/mixgraph
mixgraph	vcomp	throughput	811864	ops/sec	/home/smrc/virtual_compaction/eval-vcomp/log_runs/q3_flex_read10tb_realistic_fmix_260610/vcomp/motivation_10tb_1kb_w512/mixgraph
mixgraph	vcomp	latency_p50	11.154118	us	/home/smrc/virtual_compaction/eval-vcomp/log_runs/q3_flex_read10tb_realistic_fmix_260610/vcomp/motivation_10tb_1kb_w512/mixgraph
mixgraph	vcomp	latency_p95	114.260061	us	/home/smrc/virtual_compaction/eval-vcomp/log_runs/q3_flex_read10tb_realistic_fmix_260610/vcomp/motivation_10tb_1kb_w512/mixgraph
mixgraph	vcomp	latency_p99	163.836489	us	/home/smrc/virtual_compaction/eval-vcomp/log_runs/q3_flex_read10tb_realistic_fmix_260610/vcomp/motivation_10tb_1kb_w512/mixgraph
mixgraph	vcomp	disk_read	1796303.78	MiB	/home/smrc/virtual_compaction/eval-vcomp/log_runs/q3_flex_read10tb_realistic_fmix_260610/vcomp/motivation_10tb_1kb_w512/mixgraph
mixgraph	vcomp	disk_write	30369.55	MiB	/home/smrc/virtual_compaction/eval-vcomp/log_runs/q3_flex_read10tb_realistic_fmix_260610/vcomp/motivation_10tb_1kb_w512/mixgraph
