dataset	plr_error	target_entries	inputs	truth_unique	merged_entries	merged_rank_min	merged_rank_max	outputs	split_entries	capacity_bad_files	sibling_overlap_pairs	materialized_unique	local_duplicate_keys	identity_missing	identity_extra	truth_outside_output_ranges	range_count_bad_files	range_entries_sum	bucket_overlap_pairs	retained_unique_samples
dense_1	0	2	1	1	1	0	0	1	1	0	0	1	0	0	0	0	0	1	0	1
dense_1	0	7	1	1	1	0	0	1	1	0	0	1	0	0	0	0	0	1	0	1
dense_1	0	16	1	1	1	0	0	1	1	0	0	1	0	0	0	0	0	1	0	1
dense_1	8	2	1	1	1	0	0	1	1	0	0	1	0	0	0	0	0	1	0	1
dense_1	8	7	1	1	1	0	0	1	1	0	0	1	0	0	0	0	0	1	0	1
dense_1	8	16	1	1	1	0	0	1	1	0	0	1	0	0	0	0	0	1	0	1
dense_3	0	2	1	3	3	0	2	2	3	0	0	3	0	0	0	0	0	3	0	3
dense_3	0	7	1	3	3	0	2	1	3	0	0	3	0	0	0	0	0	3	0	3
dense_3	0	16	1	3	3	0	2	1	3	0	0	3	0	0	0	0	0	3	0	3
dense_3	8	2	1	3	3	0	2	2	3	0	0	3	0	0	0	0	0	3	0	3
dense_3	8	7	1	3	3	0	2	1	3	0	0	3	0	0	0	0	0	3	0	3
dense_3	8	16	1	3	3	0	2	1	3	0	0	3	0	0	0	0	0	3	0	3
dense_5	0	2	1	5	5	0	4	3	5	0	0	5	0	0	0	0	0	5	0	5
dense_5	0	7	1	5	5	0	4	1	5	0	0	5	0	0	0	0	0	5	0	5
dense_5	0	16	1	5	5	0	4	1	5	0	0	5	0	0	0	0	0	5	0	5
dense_5	8	2	1	5	5	0	4	3	5	0	0	5	0	0	0	0	0	5	0	5
dense_5	8	7	1	5	5	0	4	1	5	0	0	5	0	0	0	0	0	5	0	5
dense_5	8	16	1	5	5	0	4	1	5	0	0	5	0	0	0	0	0	5	0	5
singleton_fallback	0	2	3	3	3	0	2	2	3	0	0	3	0	0	0	0	0	3	0	3
singleton_fallback	0	7	3	3	3	0	2	1	3	0	0	3	0	0	0	0	0	3	0	3
singleton_fallback	0	16	3	3	3	0	2	1	3	0	0	3	0	0	0	0	0	3	0	3
singleton_fallback	8	2	3	3	3	0	2	2	3	0	0	3	0	0	0	0	0	3	0	3
singleton_fallback	8	7	3	3	3	0	2	1	3	0	0	3	0	0	0	0	0	3	0	3
singleton_fallback	8	16	3	3	3	0	2	1	3	0	0	3	0	0	0	0	0	3	0	3
random_0	0	2	3	49	49	0	48	25	49	1	1	47	1	15	13	6	10	45	1	43
random_0	0	7	3	49	49	0	48	7	49	0	0	48	1	14	13	3	4	46	0	46
random_0	0	16	3	49	49	0	48	4	49	0	0	48	1	14	13	1	2	48	0	48
random_0	8	2	3	49	49	0	48	25	49	1	0	48	1	22	21	12	14	38	1	37
random_0	8	7	3	49	49	0	48	7	49	0	0	48	1	22	21	5	7	44	0	44
random_0	8	16	3	49	49	0	48	4	49	0	0	48	1	22	21	0	3	49	0	49
gapped_0	0	2	3	49	49	0	48	25	49	2	2	45	2	4	0	3	1	50	2	46
gapped_0	0	7	3	49	49	0	48	7	49	1	0	48	1	3	2	1	2	49	1	48
gapped_0	0	16	3	49	49	0	48	4	49	0	0	48	1	3	2	0	2	49	0	49
gapped_0	8	2	3	49	49	0	48	25	49	1	0	48	1	37	36	17	22	33	1	32
gapped_0	8	7	3	49	49	0	48	7	49	0	0	48	1	37	36	0	7	49	0	49
gapped_0	8	16	3	49	49	0	48	4	49	0	0	48	1	37	36	4	3	45	0	45
random_1	0	2	3	50	50	0	49	25	50	0	5	45	0	12	7	4	7	51	0	46
random_1	0	7	3	50	50	0	49	8	50	1	0	48	2	10	8	2	5	50	2	48
random_1	0	16	3	50	50	0	49	4	50	0	1	49	0	10	9	0	4	51	0	50
random_1	8	2	3	50	50	0	49	25	50	0	0	50	0	23	23	12	16	38	0	38
random_1	8	7	3	50	50	0	49	8	50	0	0	50	0	23	23	4	6	46	0	46
random_1	8	16	3	50	50	0	49	4	50	0	0	50	0	23	23	1	3	49	0	49
gapped_1	0	2	3	50	50	0	49	25	50	1	3	46	1	4	0	3	1	51	1	47
gapped_1	0	7	3	50	50	0	49	8	50	1	0	49	1	4	3	1	2	50	1	49
gapped_1	0	16	3	50	50	0	49	4	50	0	1	49	0	4	3	0	1	51	0	50
gapped_1	8	2	3	50	50	0	49	25	50	0	1	49	0	38	37	11	22	40	0	39
gapped_1	8	7	3	50	50	0	49	8	50	0	0	49	1	38	37	0	7	50	0	50
gapped_1	8	16	3	50	50	0	49	4	50	0	1	49	0	38	37	5	3	46	0	45
random_2	0	2	3	51	51	0	50	26	51	1	1	49	1	14	12	8	9	45	1	43
random_2	0	7	3	51	51	0	50	8	51	0	0	51	0	12	12	4	4	47	0	47
random_2	0	16	3	51	51	0	50	4	51	0	0	51	0	12	12	0	2	51	0	51
random_2	8	2	3	51	51	0	50	26	51	0	0	51	0	24	24	12	15	39	0	39
random_2	8	7	3	51	51	0	50	8	51	0	0	51	0	24	24	2	5	49	0	49
random_2	8	16	3	51	51	0	50	4	51	0	0	51	0	24	24	2	3	49	0	49
gapped_2	0	2	3	51	51	0	50	26	51	2	2	47	2	4	0	3	1	52	2	48
gapped_2	0	7	3	51	51	0	50	8	51	0	1	50	0	4	3	1	2	51	0	50
gapped_2	0	16	3	51	51	0	50	4	51	1	0	50	1	4	3	0	1	52	1	51
gapped_2	8	2	3	51	51	0	50	26	51	1	0	50	1	40	39	21	23	31	1	30
gapped_2	8	7	3	51	51	0	50	8	51	0	1	50	0	40	39	0	7	52	0	51
gapped_2	8	16	3	51	51	0	50	4	51	1	0	50	1	40	39	8	3	44	1	43
random_3	0	2	3	52	52	0	51	26	52	1	2	49	1	16	13	9	11	46	1	43
random_3	0	7	3	52	52	0	51	8	52	0	1	50	1	15	13	0	5	53	0	52
random_3	0	16	3	52	52	0	51	4	52	0	1	51	0	15	14	1	3	52	0	51
random_3	8	2	3	52	52	0	51	26	52	1	0	51	1	23	22	12	11	41	1	40
random_3	8	7	3	52	52	0	51	8	52	0	1	51	0	23	22	2	3	51	0	50
random_3	8	16	3	52	52	0	51	4	52	0	0	52	0	23	23	2	4	50	0	50
gapped_3	0	2	3	52	52	0	51	26	52	1	3	48	1	4	0	1	3	55	1	51
gapped_3	0	7	3	52	52	0	51	8	52	1	0	51	1	4	3	1	2	52	1	51
gapped_3	0	16	3	52	52	0	51	4	52	1	0	51	1	4	3	0	1	53	1	52
gapped_3	8	2	3	52	52	0	51	26	52	0	1	51	0	43	42	15	23	38	0	37
gapped_3	8	7	3	52	52	0	51	8	52	1	0	51	1	43	42	0	7	53	1	52
gapped_3	8	16	3	52	52	0	51	4	52	1	0	51	1	43	42	7	2	46	1	45
random_4	0	2	3	53	53	0	52	27	53	0	2	51	0	15	13	7	7	48	0	46
random_4	0	7	3	53	53	0	52	8	53	0	0	53	0	15	15	0	4	53	0	53
random_4	0	16	3	53	53	0	52	4	53	0	1	52	0	15	14	1	4	53	0	52
random_4	8	2	3	53	53	0	52	27	53	1	0	52	1	24	23	13	13	41	1	40
random_4	8	7	3	53	53	0	52	8	53	0	0	52	1	24	23	3	6	50	0	50
random_4	8	16	3	53	53	0	52	4	53	0	0	52	1	24	23	1	3	52	0	52
gapped_4	0	2	3	53	53	0	52	27	53	2	2	49	2	5	1	1	3	56	2	52
gapped_4	0	7	3	53	53	0	52	8	53	1	0	52	1	4	3	1	0	53	1	52
gapped_4	0	16	3	53	53	0	52	4	53	0	0	53	0	4	4	0	0	53	0	53
gapped_4	8	2	3	53	53	0	52	27	53	0	0	53	0	44	44	18	24	35	0	35
gapped_4	8	7	3	53	53	0	52	8	53	0	0	53	0	44	44	10	7	43	0	43
gapped_4	8	16	3	53	53	0	52	4	53	0	0	53	0	44	44	0	4	53	0	53
random_5	0	2	3	54	54	0	53	27	54	2	1	51	2	20	17	13	15	44	2	41
random_5	0	7	3	54	54	0	53	8	54	0	0	53	1	20	19	2	6	52	0	52
random_5	0	16	3	54	54	0	53	4	54	0	0	53	1	20	19	0	4	54	0	54
random_5	8	2	3	54	54	0	53	27	54	1	0	53	1	23	22	12	16	43	1	42
random_5	8	7	3	54	54	0	53	8	54	0	0	54	0	23	23	4	6	50	0	50
random_5	8	16	3	54	54	0	53	4	54	0	0	54	0	23	23	2	4	52	0	52
gapped_5	0	2	3	54	54	0	53	27	54	2	2	50	2	4	0	2	2	56	2	52
gapped_5	0	7	3	54	54	0	53	8	54	1	0	53	1	4	3	1	0	54	1	53
gapped_5	0	16	3	54	54	0	53	4	54	0	0	54	0	4	4	0	0	54	0	54
gapped_5	8	2	3	54	54	0	53	27	54	0	0	54	0	46	46	25	24	29	0	29
gapped_5	8	7	3	54	54	0	53	8	54	0	0	54	0	46	46	4	8	50	0	50
gapped_5	8	16	3	54	54	0	53	4	54	0	0	54	0	46	46	0	4	54	0	54
random_6	0	2	3	55	55	0	54	28	55	2	1	52	2	19	16	7	11	51	2	48
random_6	0	7	3	55	55	0	54	8	55	0	0	54	1	18	17	1	7	54	0	54
random_6	0	16	3	55	55	0	54	4	55	0	0	55	0	18	18	1	3	54	0	54
random_6	8	2	3	55	55	0	54	28	55	1	0	54	1	22	21	13	12	43	1	42
random_6	8	7	3	55	55	0	54	8	55	0	0	54	1	22	21	4	6	51	0	51
random_6	8	16	3	55	55	0	54	4	55	0	0	54	1	22	21	1	2	54	0	54
gapped_6	0	2	3	55	55	0	54	28	55	2	2	51	2	4	0	2	2	57	2	53
gapped_6	0	7	3	55	55	0	54	8	55	1	0	54	1	4	3	1	0	55	1	54
gapped_6	0	16	3	55	55	0	54	4	55	0	0	55	0	4	4	0	0	55	0	55
gapped_6	8	2	3	55	55	0	54	28	55	1	0	54	1	47	46	4	25	52	1	51
gapped_6	8	7	3	55	55	0	54	8	55	0	0	54	1	47	46	2	8	53	0	53
gapped_6	8	16	3	55	55	0	54	4	55	0	0	54	1	47	46	0	4	55	0	55
random_7	0	2	3	56	56	0	55	28	56	4	3	49	4	19	12	9	6	54	4	47
random_7	0	7	3	56	56	0	55	8	56	0	0	53	3	16	13	4	3	52	0	52
random_7	0	16	3	56	56	0	55	4	56	0	1	53	2	16	13	1	2	56	0	55
random_7	8	2	3	56	56	0	55	28	56	0	2	54	0	30	28	13	17	45	0	43
random_7	8	7	3	56	56	0	55	8	56	0	0	54	2	30	28	4	6	52	0	52
random_7	8	16	3	56	56	0	55	4	56	0	0	54	2	30	28	3	3	53	0	53
gapped_7	0	2	3	56	56	0	55	28	56	1	5	50	1	6	0	4	2	58	1	52
gapped_7	0	7	3	56	56	0	55	8	56	0	0	55	1	5	4	1	3	55	0	55
gapped_7	0	16	3	56	56	0	55	4	56	0	0	55	1	5	4	0	2	56	0	56
gapped_7	8	2	3	56	56	0	55	28	56	0	1	55	0	48	47	15	25	42	0	41
gapped_7	8	7	3	56	56	0	55	8	56	0	0	55	1	48	47	3	8	53	0	53
gapped_7	8	16	3	56	56	0	55	4	56	0	0	55	1	48	47	0	4	56	0	56
random_8	0	2	3	57	57	0	56	29	57	2	3	52	2	14	9	6	7	56	2	51
random_8	0	7	3	57	57	0	56	9	57	1	0	56	1	12	11	4	4	54	1	53
random_8	0	16	3	57	57	0	56	4	57	0	0	57	0	12	12	0	2	57	0	57
random_8	8	2	3	57	57	0	56	29	57	0	1	56	0	25	24	11	14	47	0	46
random_8	8	7	3	57	57	0	56	9	57	0	0	56	1	25	24	5	5	52	0	52
random_8	8	16	3	57	57	0	56	4	57	0	0	57	0	25	25	1	4	56	0	56
gapped_8	0	2	3	57	57	0	56	29	57	2	3	52	2	5	0	3	2	59	2	54
gapped_8	0	7	3	57	57	0	56	9	57	0	0	56	1	4	3	1	3	56	0	56
gapped_8	0	16	3	57	57	0	56	4	57	0	0	56	1	4	3	0	2	57	0	57
gapped_8	8	2	3	57	57	0	56	29	57	1	0	56	1	48	47	22	25	36	1	35
gapped_8	8	7	3	57	57	0	56	9	57	0	0	56	1	48	47	11	8	46	0	46
gapped_8	8	16	3	57	57	0	56	4	57	0	0	56	1	48	47	0	4	57	0	57
random_9	0	2	3	58	58	0	57	29	58	0	2	56	0	18	16	10	10	50	0	48
random_9	0	7	3	58	58	0	57	9	58	0	0	57	1	17	16	1	5	57	0	57
random_9	0	16	3	58	58	0	57	4	58	0	0	58	0	16	16	1	1	57	0	57
random_9	8	2	3	58	58	0	57	29	58	0	1	57	0	24	23	13	18	46	0	45
random_9	8	7	3	58	58	0	57	9	58	0	1	57	0	24	23	3	6	56	0	55
random_9	8	16	3	58	58	0	57	4	58	0	0	57	1	24	23	2	3	56	0	56
gapped_9	0	2	3	58	58	0	57	29	58	2	4	52	2	6	0	1	5	63	2	57
gapped_9	0	7	3	58	58	0	57	9	58	0	3	54	1	6	2	0	3	61	0	58
gapped_9	0	16	3	58	58	0	57	4	58	0	0	56	2	6	4	0	3	58	0	58
gapped_9	8	2	3	58	58	0	57	29	58	0	1	57	0	50	49	20	25	39	0	38
gapped_9	8	7	3	58	58	0	57	9	58	0	1	57	0	50	49	11	8	48	0	47
gapped_9	8	16	3	58	58	0	57	4	58	0	0	57	1	50	49	4	4	54	0	54
