dataset	plr_error	target_entries	file	min	max	entries	capacity	materialized_unique	range_entries_sum	bucket_overlap_pairs
dense_1	0	2	0	0	0	1	1	1	1	0
dense_1	0	7	0	0	0	1	1	1	1	0
dense_1	0	16	0	0	0	1	1	1	1	0
dense_1	8	2	0	0	0	1	1	1	1	0
dense_1	8	7	0	0	0	1	1	1	1	0
dense_1	8	16	0	0	0	1	1	1	1	0
dense_3	0	2	0	0	1	2	2	2	2	0
dense_3	0	2	1	1	2	1	2	1	2	0
dense_3	0	7	0	0	2	3	3	3	3	0
dense_3	0	16	0	0	2	3	3	3	3	0
dense_3	8	2	0	0	1	2	2	2	2	0
dense_3	8	2	1	1	2	1	2	1	2	0
dense_3	8	7	0	0	2	3	3	3	3	0
dense_3	8	16	0	0	2	3	3	3	3	0
dense_5	0	2	0	0	1	2	2	2	2	0
dense_5	0	2	1	2	2	2	1	1	2	1
dense_5	0	2	2	3	4	1	2	1	2	0
dense_5	0	7	0	0	4	5	5	5	5	0
dense_5	0	16	0	0	4	5	5	5	5	0
dense_5	8	2	0	0	1	2	2	2	2	0
dense_5	8	2	1	2	2	2	1	1	2	1
dense_5	8	2	2	3	4	1	2	1	2	0
dense_5	8	7	0	0	4	5	5	5	5	0
dense_5	8	16	0	0	4	5	5	5	5	0
singleton_fallback	0	2	0	0	67	2	68	2	1	0
singleton_fallback	0	2	1	133	200	1	68	1	1	0
singleton_fallback	0	7	0	0	200	3	201	3	3	0
singleton_fallback	0	16	0	0	200	3	201	3	3	0
singleton_fallback	8	2	0	0	67	2	68	2	1	0
singleton_fallback	8	2	1	133	200	1	68	1	1	0
singleton_fallback	8	7	0	0	200	3	201	3	3	0
singleton_fallback	8	16	0	0	200	3	201	3	3	0
random_0	0	2	0	0	1	2	2	2	2	0
random_0	0	2	1	3	4	2	2	2	2	0
random_0	0	2	2	5	6	2	2	2	2	0
random_0	0	2	3	8	9	2	2	2	2	0
random_0	0	2	4	14	15	2	2	2	2	0
random_0	0	2	5	18	20	2	3	2	1	0
random_0	0	2	6	21	21	2	1	1	2	1
random_0	0	2	7	22	23	2	2	2	2	0
random_0	0	2	8	25	27	2	3	2	1	0
random_0	0	2	9	28	29	2	2	2	2	0
random_0	0	2	10	30	40	2	11	2	2	0
random_0	0	2	11	43	45	2	3	2	1	0
random_0	0	2	12	47	52	2	6	2	1	0
random_0	0	2	13	59	66	2	8	2	2	0
random_0	0	2	14	67	70	2	4	2	1	0
random_0	0	2	15	71	72	2	2	2	2	0
random_0	0	2	16	76	77	2	2	2	2	0
random_0	0	2	17	79	79	2	1	1	2	1
random_0	0	2	18	80	81	2	2	2	2	0
random_0	0	2	19	82	83	2	2	2	2	0
random_0	0	2	20	84	85	2	2	2	1	0
random_0	0	2	21	87	90	2	4	2	2	0
random_0	0	2	22	92	93	2	2	2	1	0
random_0	0	2	23	94	94	2	1	1	2	1
random_0	0	2	24	95	96	1	2	1	2	0
random_0	0	7	0	0	8	7	9	7	7	0
random_0	0	7	1	9	21	7	13	6	6	0
random_0	0	7	2	22	30	7	9	7	6	0
random_0	0	7	3	40	66	7	27	7	8	0
random_0	0	7	4	67	79	7	13	7	7	0
random_0	0	7	5	79	85	7	7	7	6	0
random_0	0	7	6	87	96	7	10	7	7	0
random_0	0	16	0	0	23	16	24	15	15	0
random_0	0	16	1	25	72	16	48	16	16	0
random_0	0	16	2	76	94	16	19	15	14	0
random_0	0	16	3	95	96	1	2	1	2	0
random_0	8	2	0	0	1	2	2	2	2	0
random_0	8	2	1	3	5	2	3	2	3	0
random_0	8	2	2	7	9	2	3	2	2	0
random_0	8	2	3	12	14	2	3	2	2	0
random_0	8	2	4	16	18	2	3	2	0	0
random_0	8	2	5	20	22	2	3	2	3	0
random_0	8	2	6	24	26	2	3	2	2	0
random_0	8	2	7	28	31	2	4	2	3	0
random_0	8	2	8	33	35	2	3	2	0	0
random_0	8	2	9	37	39	2	3	2	0	0
random_0	8	2	10	41	43	2	3	2	2	0
random_0	8	2	11	45	47	2	3	2	1	0
random_0	8	2	12	49	52	2	4	2	0	0
random_0	8	2	13	54	56	2	3	2	1	0
random_0	8	2	14	58	60	2	3	2	2	0
random_0	8	2	15	62	64	2	3	2	0	0
random_0	8	2	16	66	68	2	3	2	2	0
random_0	8	2	17	71	73	2	3	2	2	0
random_0	8	2	18	75	77	2	3	2	2	0
random_0	8	2	19	79	81	2	3	2	3	0
random_0	8	2	20	83	85	2	3	2	2	0
random_0	8	2	21	87	89	2	3	2	2	0
random_0	8	2	22	92	94	2	3	2	2	0
random_0	8	2	23	94	95	2	2	2	2	0
random_0	8	2	24	95	96	1	2	1	2	0
random_0	8	7	0	0	12	7	13	7	8	0
random_0	8	7	1	14	26	7	13	7	8	0
random_0	8	7	2	28	41	7	14	7	5	0
random_0	8	7	3	43	56	7	14	7	4	0
random_0	8	7	4	58	71	7	14	7	5	0
random_0	8	7	5	73	85	7	13	7	9	0
random_0	8	7	6	87	96	7	10	6	7	0
random_0	8	16	0	0	31	16	32	16	20	0
random_0	8	16	1	33	64	16	32	16	8	0
random_0	8	16	2	66	95	16	30	15	20	0
random_0	8	16	3	95	96	1	2	1	2	0
gapped_0	0	2	0	0	1	2	2	2	2	0
gapped_0	0	2	1	2	3	2	2	2	2	0
gapped_0	0	2	2	4	5	2	2	2	2	0
gapped_0	0	2	3	6	7	2	2	2	2	0
gapped_0	0	2	4	8	10	2	3	2	3	0
gapped_0	0	2	5	10	11	2	2	2	2	0
gapped_0	0	2	6	11	100	2	90	2	3	0
gapped_0	0	2	7	101	102	2	2	2	2	0
gapped_0	0	2	8	103	104	2	2	2	2	0
gapped_0	0	2	9	106	107	2	2	2	2	0
gapped_0	0	2	10	108	109	2	2	2	2	0
gapped_0	0	2	11	110	110	2	1	1	2	1
gapped_0	0	2	12	111	112	2	2	2	2	0
gapped_0	0	2	13	200	201	2	2	2	2	0
gapped_0	0	2	14	203	204	2	2	2	2	0
gapped_0	0	2	15	205	206	2	2	2	2	0
gapped_0	0	2	16	207	208	2	2	2	2	0
gapped_0	0	2	17	209	210	2	2	2	2	0
gapped_0	0	2	18	210	211	2	2	2	2	0
gapped_0	0	2	19	212	300	2	89	2	2	0
gapped_0	0	2	20	302	303	2	2	2	2	0
gapped_0	0	2	21	304	305	2	2	2	2	0
gapped_0	0	2	22	305	306	2	2	2	2	0
gapped_0	0	2	23	307	308	2	2	2	2	0
gapped_0	0	2	24	308	309	1	2	1	2	0
gapped_0	0	7	0	0	6	7	7	7	7	0
gapped_0	0	7	1	7	100	7	94	7	7	0
gapped_0	0	7	2	101	108	7	8	7	8	0
gapped_0	0	7	3	109	201	7	93	7	6	0
gapped_0	0	7	4	203	209	7	7	7	7	0
gapped_0	0	7	5	210	303	7	94	7	7	0
gapped_0	0	7	6	304	309	7	6	6	7	1
gapped_0	0	16	0	0	102	16	103	16	16	0
gapped_0	0	16	1	103	206	16	104	16	17	0
gapped_0	0	16	2	207	308	16	102	15	15	0
gapped_0	0	16	3	308	309	1	2	1	2	0
gapped_0	8	2	0	0	1	2	2	2	2	0
gapped_0	8	2	1	3	10	2	8	2	8	0
gapped_0	8	2	2	17	24	2	8	2	0	0
gapped_0	8	2	3	31	38	2	8	2	0	0
gapped_0	8	2	4	45	52	2	8	2	0	0
gapped_0	8	2	5	59	66	2	8	2	0	0
gapped_0	8	2	6	73	80	2	8	2	0	0
gapped_0	8	2	7	87	94	2	8	2	0	0
gapped_0	8	2	8	101	108	2	8	2	8	0
gapped_0	8	2	9	115	122	2	8	2	0	0
gapped_0	8	2	10	130	137	2	8	2	0	0
gapped_0	8	2	11	144	151	2	8	2	0	0
gapped_0	8	2	12	158	165	2	8	2	0	0
gapped_0	8	2	13	172	179	2	8	2	0	0
gapped_0	8	2	14	186	193	2	8	2	0	0
gapped_0	8	2	15	200	207	2	8	2	8	0
gapped_0	8	2	16	214	221	2	8	2	0	0
gapped_0	8	2	17	228	235	2	8	2	0	0
gapped_0	8	2	18	242	249	2	8	2	0	0
gapped_0	8	2	19	257	264	2	8	2	0	0
gapped_0	8	2	20	271	278	2	8	2	0	0
gapped_0	8	2	21	285	292	2	8	2	0	0
gapped_0	8	2	22	299	306	2	8	2	7	0
gapped_0	8	2	23	307	308	2	2	2	2	0
gapped_0	8	2	24	308	309	1	2	1	2	0
gapped_0	8	7	0	0	31	7	32	7	13	0
gapped_0	8	7	1	38	80	7	43	7	0	0
gapped_0	8	7	2	87	130	7	44	7	13	0
gapped_0	8	7	3	137	179	7	43	7	0	0
gapped_0	8	7	4	186	228	7	43	7	13	0
gapped_0	8	7	5	235	278	7	44	7	0	0
gapped_0	8	7	6	285	309	7	25	7	10	0
gapped_0	8	16	0	0	94	16	95	16	13	0
gapped_0	8	16	1	101	207	16	107	16	20	0
gapped_0	8	16	2	214	308	16	95	16	9	0
gapped_0	8	16	3	308	309	1	2	1	2	0
random_1	0	2	0	1	4	2	4	2	2	0
random_1	0	2	1	5	6	2	2	2	2	0
random_1	0	2	2	6	7	2	2	2	2	0
random_1	0	2	3	10	16	2	7	2	3	0
random_1	0	2	4	18	21	2	4	2	1	0
random_1	0	2	5	22	23	2	2	2	2	0
random_1	0	2	6	23	24	2	2	2	2	0
random_1	0	2	7	34	35	2	2	2	2	0
random_1	0	2	8	36	37	2	2	2	2	0
random_1	0	2	9	39	46	2	8	2	2	0
random_1	0	2	10	50	51	2	2	2	1	0
random_1	0	2	11	53	55	2	3	2	1	0
random_1	0	2	12	57	60	2	4	2	1	0
random_1	0	2	13	61	66	2	6	2	2	0
random_1	0	2	14	69	70	2	2	2	2	0
random_1	0	2	15	71	74	2	4	2	1	0
random_1	0	2	16	75	76	2	2	2	2	0
random_1	0	2	17	77	78	2	2	2	2	0
random_1	0	2	18	79	80	2	2	2	2	0
random_1	0	2	19	80	81	2	2	2	2	0
random_1	0	2	20	82	82	2	1	1	2	1
random_1	0	2	21	83	86	2	4	2	3	0
random_1	0	2	22	88	89	2	2	2	2	0
random_1	0	2	23	90	91	2	2	2	2	0
random_1	0	2	24	92	98	2	7	2	4	0
random_1	0	7	0	1	10	7	10	7	5	0
random_1	0	7	1	16	24	7	9	6	5	0
random_1	0	7	2	34	50	7	17	7	8	0
random_1	0	7	3	51	66	7	16	7	6	0
random_1	0	7	4	69	77	7	9	7	6	0
random_1	0	7	5	78	82	7	5	5	7	2
random_1	0	7	6	83	92	7	10	7	7	0
random_1	0	7	7	93	98	1	6	1	4	0
random_1	0	16	0	1	35	16	35	16	15	0
random_1	0	16	1	36	74	16	39	16	16	0
random_1	0	16	2	75	91	16	17	16	15	0
random_1	0	16	3	92	98	2	7	2	4	0
random_1	8	2	0	1	4	2	4	2	2	0
random_1	8	2	1	5	7	2	3	2	3	0
random_1	8	2	2	9	11	2	3	2	1	0
random_1	8	2	3	13	15	2	3	2	1	0
random_1	8	2	4	17	19	2	3	2	1	0
random_1	8	2	5	20	22	2	3	2	1	0
random_1	8	2	6	24	26	2	3	2	1	0
random_1	8	2	7	28	30	2	3	2	1	0
random_1	8	2	8	32	34	2	3	2	1	0
random_1	8	2	9	36	38	2	3	2	2	0
random_1	8	2	10	40	42	2	3	2	1	0
random_1	8	2	11	44	46	2	3	2	1	0
random_1	8	2	12	48	49	2	2	2	1	0
random_1	8	2	13	51	53	2	3	2	1	0
random_1	8	2	14	55	57	2	3	2	2	0
random_1	8	2	15	59	61	2	3	2	2	0
random_1	8	2	16	63	65	2	3	2	1	0
random_1	8	2	17	67	69	2	3	2	2	0
random_1	8	2	18	71	73	2	3	2	0	0
random_1	8	2	19	75	77	2	3	2	3	0
random_1	8	2	20	79	80	2	2	2	2	0
random_1	8	2	21	82	84	2	3	2	2	0
random_1	8	2	22	86	88	2	3	2	2	0
random_1	8	2	23	90	92	2	3	2	2	0
random_1	8	2	24	94	98	2	5	2	3	0
random_1	8	7	0	1	13	7	13	7	7	0
random_1	8	7	1	15	26	7	12	7	5	0
random_1	8	7	2	28	40	7	13	7	5	0
random_1	8	7	3	42	53	7	12	7	4	0
random_1	8	7	4	55	67	7	13	7	6	0
random_1	8	7	5	69	80	7	12	7	9	0
random_1	8	7	6	82	94	7	13	7	10	0
random_1	8	7	7	96	98	1	3	1	2	0
random_1	8	16	0	1	30	16	30	16	13	0
random_1	8	16	1	32	61	16	30	16	13	0
random_1	8	16	2	63	92	16	30	16	20	0
random_1	8	16	3	94	98	2	5	2	3	0
gapped_1	0	2	0	0	1	2	2	2	2	0
gapped_1	0	2	1	2	3	2	2	2	2	0
gapped_1	0	2	2	4	5	2	2	2	2	0
gapped_1	0	2	3	6	7	2	2	2	2	0
gapped_1	0	2	4	8	10	2	3	2	3	0
gapped_1	0	2	5	10	11	2	2	2	2	0
gapped_1	0	2	6	11	117	2	107	2	3	0
gapped_1	0	2	7	118	119	2	2	2	2	0
gapped_1	0	2	8	120	121	2	2	2	2	0
gapped_1	0	2	9	122	123	2	2	2	2	0
gapped_1	0	2	10	125	126	2	2	2	2	0
gapped_1	0	2	11	127	127	2	1	1	2	1
gapped_1	0	2	12	128	129	2	2	2	2	0
gapped_1	0	2	13	234	235	2	2	2	2	0
gapped_1	0	2	14	236	237	2	2	2	2	0
gapped_1	0	2	15	238	240	2	3	2	3	0
gapped_1	0	2	16	241	242	2	2	2	2	0
gapped_1	0	2	17	243	244	2	2	2	2	0
gapped_1	0	2	18	244	245	2	2	2	2	0
gapped_1	0	2	19	246	351	2	106	2	2	0
gapped_1	0	2	20	352	353	2	2	2	2	0
gapped_1	0	2	21	354	355	2	2	2	2	0
gapped_1	0	2	22	356	357	2	2	2	2	0
gapped_1	0	2	23	358	359	2	2	2	2	0
gapped_1	0	2	24	360	361	2	2	2	2	0
gapped_1	0	7	0	0	6	7	7	7	7	0
gapped_1	0	7	1	7	117	7	111	7	7	0
gapped_1	0	7	2	118	125	7	8	7	8	0
gapped_1	0	7	3	126	235	7	110	7	6	0
gapped_1	0	7	4	236	243	7	8	7	8	0
gapped_1	0	7	5	244	353	7	110	7	6	0
gapped_1	0	7	6	354	360	7	7	7	7	0
gapped_1	0	7	7	360	361	1	2	1	2	0
gapped_1	0	16	0	0	119	16	120	16	16	0
gapped_1	0	16	1	120	240	16	121	16	17	0
gapped_1	0	16	2	241	359	16	119	16	15	0
gapped_1	0	16	3	360	361	2	2	2	2	0
gapped_1	8	2	0	0	1	2	2	2	2	0
gapped_1	8	2	1	3	11	2	9	2	9	0
gapped_1	8	2	2	19	27	2	9	2	0	0
gapped_1	8	2	3	35	43	2	9	2	0	0
gapped_1	8	2	4	51	59	2	9	2	0	0
gapped_1	8	2	5	67	75	2	9	2	0	0
gapped_1	8	2	6	83	91	2	9	2	0	0
gapped_1	8	2	7	99	108	2	10	2	0	0
gapped_1	8	2	8	116	124	2	9	2	8	0
gapped_1	8	2	9	132	140	2	9	2	0	0
gapped_1	8	2	10	148	156	2	9	2	0	0
gapped_1	8	2	11	164	172	2	9	2	0	0
gapped_1	8	2	12	180	188	2	9	2	0	0
gapped_1	8	2	13	196	204	2	9	2	0	0
gapped_1	8	2	14	212	221	2	10	2	0	0
gapped_1	8	2	15	229	237	2	9	2	4	0
gapped_1	8	2	16	245	253	2	9	2	2	0
gapped_1	8	2	17	261	269	2	9	2	0	0
gapped_1	8	2	18	277	285	2	9	2	0	0
gapped_1	8	2	19	293	301	2	9	2	0	0
gapped_1	8	2	20	309	317	2	9	2	0	0
gapped_1	8	2	21	325	334	2	10	2	0	0
gapped_1	8	2	22	342	350	2	9	2	0	0
gapped_1	8	2	23	358	359	2	2	2	2	0
gapped_1	8	2	24	360	361	2	2	2	2	0
gapped_1	8	7	0	0	35	7	36	7	13	0
gapped_1	8	7	1	43	91	7	49	7	0	0
gapped_1	8	7	2	99	148	7	50	7	13	0
gapped_1	8	7	3	156	204	7	49	7	0	0
gapped_1	8	7	4	212	261	7	50	7	13	0
gapped_1	8	7	5	269	317	7	49	7	0	0
gapped_1	8	7	6	325	360	7	36	7	10	0
gapped_1	8	7	7	360	361	1	2	1	2	0
gapped_1	8	16	0	0	108	16	109	16	13	0
gapped_1	8	16	1	116	237	16	122	16	17	0
gapped_1	8	16	2	245	359	16	115	16	11	0
gapped_1	8	16	3	360	361	2	2	2	2	0
random_2	0	2	0	0	3	2	4	2	2	0
random_2	0	2	1	4	5	2	2	2	1	0
random_2	0	2	2	8	9	2	2	2	1	0
random_2	0	2	3	10	11	2	2	2	2	0
random_2	0	2	4	12	13	2	2	2	2	0
random_2	0	2	5	14	16	2	3	2	1	0
random_2	0	2	6	19	23	2	5	2	3	0
random_2	0	2	7	24	25	2	2	2	1	0
random_2	0	2	8	28	29	2	2	2	1	0
random_2	0	2	9	30	31	2	2	2	2	0
random_2	0	2	10	32	35	2	4	2	2	0
random_2	0	2	11	36	37	2	2	2	1	0
random_2	0	2	12	38	40	2	3	2	2	0
random_2	0	2	13	45	50	2	6	2	2	0
random_2	0	2	14	53	55	2	3	2	1	0
random_2	0	2	15	57	60	2	4	2	1	0
random_2	0	2	16	61	61	2	1	1	2	1
random_2	0	2	17	62	65	2	4	2	2	0
random_2	0	2	18	67	68	2	2	2	1	0
random_2	0	2	19	70	71	2	2	2	2	0
random_2	0	2	20	72	74	2	3	2	2	0
random_2	0	2	21	76	77	2	2	2	1	0
random_2	0	2	22	78	80	2	3	2	2	0
random_2	0	2	23	85	86	2	2	2	2	0
random_2	0	2	24	87	91	2	5	2	1	0
random_2	0	2	25	99	101	1	3	1	2	0
random_2	0	7	0	0	10	7	11	7	6	0
random_2	0	7	1	11	23	7	13	7	8	0
random_2	0	7	2	24	32	7	9	7	6	0
random_2	0	7	3	35	50	7	16	7	7	0
random_2	0	7	4	53	62	7	10	6	5	0
random_2	0	7	5	65	74	7	10	7	6	0
random_2	0	7	6	76	87	7	12	7	7	0
random_2	0	7	7	91	101	2	11	2	3	0
random_2	0	16	0	0	25	16	26	16	15	0
random_2	0	16	1	28	60	16	33	16	15	0
random_2	0	16	2	61	86	16	26	16	16	0
random_2	0	16	3	87	101	3	15	3	4	0
random_2	8	2	0	0	3	2	4	2	2	0
random_2	8	2	1	4	6	2	3	2	2	0
random_2	8	2	2	8	10	2	3	2	2	0
random_2	8	2	3	12	14	2	3	2	3	0
random_2	8	2	4	16	18	2	3	2	1	0
random_2	8	2	5	20	21	2	2	2	0	0
random_2	8	2	6	23	25	2	3	2	2	0
random_2	8	2	7	27	29	2	3	2	1	0
random_2	8	2	8	31	33	2	3	2	2	0
random_2	8	2	9	35	37	2	3	2	2	0
random_2	8	2	10	39	41	2	3	2	1	0
random_2	8	2	11	43	45	2	3	2	2	0
random_2	8	2	12	47	48	2	2	2	0	0
random_2	8	2	13	50	52	2	3	2	2	0
random_2	8	2	14	54	56	2	3	2	1	0
random_2	8	2	15	58	60	2	3	2	1	0
random_2	8	2	16	62	64	2	3	2	2	0
random_2	8	2	17	66	68	2	3	2	2	0
random_2	8	2	18	70	72	2	3	2	3	0
random_2	8	2	19	74	76	2	3	2	1	0
random_2	8	2	20	77	79	2	3	2	2	0
random_2	8	2	21	81	83	2	3	2	1	0
random_2	8	2	22	85	87	2	3	2	3	0
random_2	8	2	23	89	91	2	3	2	0	0
random_2	8	2	24	93	100	2	8	2	2	0
random_2	8	2	25	100	101	1	2	1	2	0
random_2	8	7	0	0	12	7	13	7	8	0
random_2	8	7	1	14	25	7	12	7	6	0
random_2	8	7	2	27	39	7	13	7	7	0
random_2	8	7	3	41	52	7	12	7	4	0
random_2	8	7	4	54	66	7	13	7	6	0
random_2	8	7	5	68	79	7	12	7	7	0
random_2	8	7	6	81	93	7	13	7	5	0
random_2	8	7	7	100	101	2	2	2	2	0
random_2	8	16	0	0	29	16	30	16	17	0
random_2	8	16	1	31	60	16	30	16	13	0
random_2	8	16	2	62	91	16	30	16	16	0
random_2	8	16	3	93	101	3	9	3	3	0
gapped_2	0	2	0	0	1	2	2	2	2	0
gapped_2	0	2	1	2	3	2	2	2	2	0
gapped_2	0	2	2	4	5	2	2	2	2	0
gapped_2	0	2	3	6	7	2	2	2	2	0
gapped_2	0	2	4	8	9	2	2	2	2	0
gapped_2	0	2	5	10	11	2	2	2	2	0
gapped_2	0	2	6	11	134	2	124	2	3	0
gapped_2	0	2	7	135	136	2	2	2	2	0
gapped_2	0	2	8	137	138	2	2	2	2	0
gapped_2	0	2	9	139	140	2	2	2	2	0
gapped_2	0	2	10	141	142	2	2	2	2	0
gapped_2	0	2	11	144	144	2	1	1	2	1
gapped_2	0	2	12	145	145	2	1	1	2	1
gapped_2	0	2	13	268	269	2	2	2	2	0
gapped_2	0	2	14	270	271	2	2	2	2	0
gapped_2	0	2	15	272	273	2	2	2	2	0
gapped_2	0	2	16	274	275	2	2	2	2	0
gapped_2	0	2	17	277	278	2	2	2	2	0
gapped_2	0	2	18	278	279	2	2	2	2	0
gapped_2	0	2	19	279	402	2	124	2	3	0
gapped_2	0	2	20	403	404	2	2	2	2	0
gapped_2	0	2	21	405	406	2	2	2	2	0
gapped_2	0	2	22	407	408	2	2	2	2	0
gapped_2	0	2	23	409	410	2	2	2	2	0
gapped_2	0	2	24	411	412	2	2	2	2	0
gapped_2	0	2	25	412	413	1	2	1	2	0
gapped_2	0	7	0	0	6	7	7	7	7	0
gapped_2	0	7	1	7	134	7	128	7	7	0
gapped_2	0	7	2	135	141	7	7	7	7	0
gapped_2	0	7	3	142	269	7	128	7	7	0
gapped_2	0	7	4	270	277	7	8	7	8	0
gapped_2	0	7	5	278	404	7	127	7	6	0
gapped_2	0	7	6	405	411	7	7	7	7	0
gapped_2	0	7	7	412	413	2	2	2	2	0
gapped_2	0	16	0	0	136	16	137	16	16	0
gapped_2	0	16	1	137	273	16	137	16	16	0
gapped_2	0	16	2	274	410	16	137	16	16	0
gapped_2	0	16	3	411	413	3	3	3	3	0
gapped_2	8	2	0	0	1	2	2	2	2	0
gapped_2	8	2	1	3	12	2	10	2	10	0
gapped_2	8	2	2	21	30	2	10	2	0	0
gapped_2	8	2	3	39	48	2	10	2	0	0
gapped_2	8	2	4	57	66	2	10	2	0	0
gapped_2	8	2	5	75	84	2	10	2	0	0
gapped_2	8	2	6	93	102	2	10	2	0	0
gapped_2	8	2	7	111	120	2	10	2	0	0
gapped_2	8	2	8	129	138	2	10	2	5	0
gapped_2	8	2	9	147	156	2	10	2	0	0
gapped_2	8	2	10	165	175	2	11	2	0	0
gapped_2	8	2	11	184	193	2	10	2	0	0
gapped_2	8	2	12	202	211	2	10	2	0	0
gapped_2	8	2	13	220	229	2	10	2	0	0
gapped_2	8	2	14	238	247	2	10	2	0	0
gapped_2	8	2	15	256	265	2	10	2	0	0
gapped_2	8	2	16	274	283	2	10	2	7	0
gapped_2	8	2	17	292	301	2	10	2	0	0
gapped_2	8	2	18	310	319	2	10	2	0	0
gapped_2	8	2	19	328	337	2	10	2	0	0
gapped_2	8	2	20	346	355	2	10	2	0	0
gapped_2	8	2	21	364	373	2	10	2	0	0
gapped_2	8	2	22	383	392	2	10	2	0	0
gapped_2	8	2	23	401	410	2	10	2	9	0
gapped_2	8	2	24	411	412	2	2	2	2	0
gapped_2	8	2	25	412	413	1	2	1	2	0
gapped_2	8	7	0	0	39	7	40	7	13	0
gapped_2	8	7	1	48	102	7	55	7	0	0
gapped_2	8	7	2	111	165	7	55	7	13	0
gapped_2	8	7	3	175	229	7	55	7	0	0
gapped_2	8	7	4	238	292	7	55	7	13	0
gapped_2	8	7	5	301	355	7	55	7	0	0
gapped_2	8	7	6	364	411	7	48	7	10	0
gapped_2	8	7	7	412	413	2	2	2	2	0
gapped_2	8	16	0	0	120	16	121	16	13	0
gapped_2	8	16	1	129	265	16	137	16	13	0
gapped_2	8	16	2	274	410	16	137	16	16	0
gapped_2	8	16	3	411	413	3	3	3	3	0
random_3	0	2	0	2	5	2	4	2	2	0
random_3	0	2	1	7	8	2	2	2	0	0
random_3	0	2	2	10	13	2	4	2	2	0
random_3	0	2	3	19	22	2	4	2	2	0
random_3	0	2	4	23	25	2	3	2	2	0
random_3	0	2	5	25	26	2	2	2	2	0
random_3	0	2	6	29	34	2	6	2	2	0
random_3	0	2	7	35	36	2	2	2	2	0
random_3	0	2	8	37	38	2	2	2	1	0
random_3	0	2	9	39	40	2	2	2	1	0
random_3	0	2	10	44	47	2	4	2	1	0
random_3	0	2	11	48	49	2	2	2	2	0
random_3	0	2	12	51	55	2	5	2	3	0
random_3	0	2	13	59	60	2	2	2	1	0
random_3	0	2	14	61	63	2	3	2	2	0
random_3	0	2	15	64	64	2	1	1	2	1
random_3	0	2	16	66	69	2	4	2	1	0
random_3	0	2	17	71	72	2	2	2	1	0
random_3	0	2	18	73	75	2	3	2	1	0
random_3	0	2	19	78	79	2	2	2	2	0
random_3	0	2	20	81	83	2	3	2	1	0
random_3	0	2	21	84	85	2	2	2	2	0
random_3	0	2	22	86	88	2	3	2	2	0
random_3	0	2	23	89	90	2	2	2	2	0
random_3	0	2	24	91	91	2	1	1	2	1
random_3	0	2	25	92	103	2	12	2	4	0
random_3	0	7	0	2	19	7	18	7	8	0
random_3	0	7	1	22	34	7	13	7	7	0
random_3	0	7	2	35	44	7	10	7	6	0
random_3	0	7	3	47	60	7	14	7	7	0
random_3	0	7	4	61	71	7	11	7	6	0
random_3	0	7	5	72	83	7	12	7	6	0
random_3	0	7	6	84	91	7	8	7	7	0
random_3	0	7	7	91	103	3	13	3	5	0
random_3	0	16	0	2	36	16	35	16	17	0
random_3	0	16	1	37	64	16	28	15	15	0
random_3	0	16	2	66	90	16	25	16	14	0
random_3	0	16	3	91	103	4	13	4	5	0
random_3	8	2	0	2	5	2	4	2	2	0
random_3	8	2	1	6	8	2	3	2	1	0
random_3	8	2	2	10	12	2	3	2	1	0
random_3	8	2	3	14	16	2	3	2	0	0
random_3	8	2	4	18	20	2	3	2	2	0
random_3	8	2	5	22	24	2	3	2	2	0
random_3	8	2	6	26	28	2	3	2	2	0
random_3	8	2	7	30	32	2	3	2	0	0
random_3	8	2	8	34	36	2	3	2	3	0
random_3	8	2	9	38	40	2	3	2	2	0
random_3	8	2	10	42	44	2	3	2	1	0
random_3	8	2	11	46	48	2	3	2	1	0
random_3	8	2	12	50	52	2	3	2	2	0
random_3	8	2	13	54	56	2	3	2	1	0
random_3	8	2	14	58	60	2	3	2	1	0
random_3	8	2	15	62	64	2	3	2	2	0
random_3	8	2	16	66	68	2	3	2	1	0
random_3	8	2	17	70	72	2	3	2	2	0
random_3	8	2	18	74	76	2	3	2	0	0
random_3	8	2	19	78	80	2	3	2	2	0
random_3	8	2	20	82	84	2	3	2	1	0
random_3	8	2	21	86	88	2	3	2	2	0
random_3	8	2	22	90	92	2	3	2	3	0
random_3	8	2	23	94	96	2	3	2	0	0
random_3	8	2	24	98	100	2	3	2	1	0
random_3	8	2	25	100	103	2	4	2	3	0
random_3	8	7	0	2	14	7	13	7	6	0
random_3	8	7	1	16	28	7	13	7	7	0
random_3	8	7	2	30	42	7	13	7	6	0
random_3	8	7	3	44	56	7	13	7	6	0
random_3	8	7	4	58	70	7	13	7	7	0
random_3	8	7	5	72	84	7	13	7	7	0
random_3	8	7	6	86	98	7	13	7	6	0
random_3	8	7	7	100	103	3	4	3	3	0
random_3	8	16	0	2	32	16	31	16	14	0
random_3	8	16	1	34	64	16	31	16	18	0
random_3	8	16	2	66	96	16	31	16	16	0
random_3	8	16	3	98	103	4	6	4	3	0
gapped_3	0	2	0	0	1	2	2	2	2	0
gapped_3	0	2	1	2	3	2	2	2	2	0
gapped_3	0	2	2	4	5	2	2	2	2	0
gapped_3	0	2	3	6	7	2	2	2	2	0
gapped_3	0	2	4	8	9	2	2	2	2	0
gapped_3	0	2	5	10	11	2	2	2	2	0
gapped_3	0	2	6	11	12	2	2	2	2	0
gapped_3	0	2	7	152	153	2	2	2	2	0
gapped_3	0	2	8	154	155	2	2	2	2	0
gapped_3	0	2	9	156	157	2	2	2	2	0
gapped_3	0	2	10	158	159	2	2	2	2	0
gapped_3	0	2	11	160	161	2	2	2	2	0
gapped_3	0	2	12	162	162	2	1	1	2	1
gapped_3	0	2	13	302	303	2	2	2	2	0
gapped_3	0	2	14	304	305	2	2	2	2	0
gapped_3	0	2	15	306	307	2	2	2	2	0
gapped_3	0	2	16	308	309	2	2	2	2	0
gapped_3	0	2	17	310	311	2	2	2	2	0
gapped_3	0	2	18	312	313	2	2	2	2	0
gapped_3	0	2	19	313	314	2	2	2	2	0
gapped_3	0	2	20	454	455	2	2	2	2	0
gapped_3	0	2	21	456	457	2	2	2	2	0
gapped_3	0	2	22	458	459	2	2	2	2	0
gapped_3	0	2	23	460	461	2	2	2	2	0
gapped_3	0	2	24	462	463	2	2	2	2	0
gapped_3	0	2	25	464	465	2	2	2	2	0
gapped_3	0	7	0	0	6	7	7	7	7	0
gapped_3	0	7	1	7	12	7	6	6	7	1
gapped_3	0	7	2	152	158	7	7	7	7	0
gapped_3	0	7	3	159	303	7	145	7	7	0
gapped_3	0	7	4	304	310	7	7	7	7	0
gapped_3	0	7	5	311	455	7	145	7	7	0
gapped_3	0	7	6	456	462	7	7	7	7	0
gapped_3	0	7	7	463	465	3	3	3	3	0
gapped_3	0	16	0	0	153	16	154	16	16	0
gapped_3	0	16	1	154	307	16	154	16	16	0
gapped_3	0	16	2	308	461	16	154	16	16	0
gapped_3	0	16	3	462	465	4	4	4	4	0
gapped_3	8	2	0	0	1	2	2	2	2	0
gapped_3	8	2	1	3	13	2	11	2	10	0
gapped_3	8	2	2	23	33	2	11	2	0	0
gapped_3	8	2	3	43	53	2	11	2	0	0
gapped_3	8	2	4	63	73	2	11	2	0	0
gapped_3	8	2	5	83	93	2	11	2	0	0
gapped_3	8	2	6	102	112	2	11	2	0	0
gapped_3	8	2	7	122	132	2	11	2	0	0
gapped_3	8	2	8	142	152	2	11	2	2	0
gapped_3	8	2	9	162	172	2	11	2	2	0
gapped_3	8	2	10	182	192	2	11	2	0	0
gapped_3	8	2	11	202	212	2	11	2	0	0
gapped_3	8	2	12	222	232	2	11	2	0	0
gapped_3	8	2	13	242	252	2	11	2	0	0
gapped_3	8	2	14	262	272	2	11	2	0	0
gapped_3	8	2	15	282	292	2	11	2	0	0
gapped_3	8	2	16	302	312	2	11	2	11	0
gapped_3	8	2	17	322	332	2	11	2	0	0
gapped_3	8	2	18	342	352	2	11	2	0	0
gapped_3	8	2	19	362	372	2	11	2	0	0
gapped_3	8	2	20	382	392	2	11	2	0	0
gapped_3	8	2	21	402	412	2	11	2	0	0
gapped_3	8	2	22	422	432	2	11	2	0	0
gapped_3	8	2	23	442	452	2	11	2	0	0
gapped_3	8	2	24	462	463	2	2	2	2	0
gapped_3	8	2	25	464	465	2	2	2	2	0
gapped_3	8	7	0	0	43	7	44	7	13	0
gapped_3	8	7	1	53	112	7	60	7	0	0
gapped_3	8	7	2	122	182	7	61	7	13	0
gapped_3	8	7	3	192	252	7	61	7	0	0
gapped_3	8	7	4	262	322	7	61	7	13	0
gapped_3	8	7	5	332	392	7	61	7	0	0
gapped_3	8	7	6	402	462	7	61	7	10	0
gapped_3	8	7	7	463	465	3	3	3	3	0
gapped_3	8	16	0	0	132	16	133	16	13	0
gapped_3	8	16	1	142	292	16	151	16	13	0
gapped_3	8	16	2	302	452	16	151	16	13	0
gapped_3	8	16	3	462	465	4	4	4	4	0
random_4	0	2	0	2	3	2	2	2	2	0
random_4	0	2	1	4	5	2	2	2	1	0
random_4	0	2	2	7	10	2	4	2	1	0
random_4	0	2	3	14	15	2	2	2	2	0
random_4	0	2	4	16	17	2	2	2	2	0
random_4	0	2	5	18	19	2	2	2	2	0
random_4	0	2	6	20	21	2	2	2	2	0
random_4	0	2	7	22	22	2	1	1	2	1
random_4	0	2	8	23	24	2	2	2	2	0
random_4	0	2	9	27	30	2	4	2	2	0
random_4	0	2	10	31	34	2	4	2	1	0
random_4	0	2	11	37	38	2	2	2	2	0
random_4	0	2	12	38	40	2	3	2	2	0
random_4	0	2	13	42	44	2	3	2	2	0
random_4	0	2	14	46	49	2	4	2	1	0
random_4	0	2	15	51	52	2	2	2	2	0
random_4	0	2	16	54	56	2	3	2	2	0
random_4	0	2	17	58	60	2	3	2	1	0
random_4	0	2	18	62	62	2	1	1	2	1
random_4	0	2	19	63	64	2	2	2	2	0
random_4	0	2	20	68	73	2	6	2	1	0
random_4	0	2	21	75	77	2	3	2	0	0
random_4	0	2	22	80	84	2	5	2	2	0
random_4	0	2	23	85	87	2	3	2	2	0
random_4	0	2	24	92	93	2	2	2	2	0
random_4	0	2	25	94	96	2	3	2	2	0
random_4	0	2	26	102	103	1	2	1	2	0
random_4	0	7	0	2	14	7	13	7	8	0
random_4	0	7	1	15	21	7	7	7	7	0
random_4	0	7	2	22	31	7	10	7	6	0
random_4	0	7	3	34	44	7	11	7	6	0
random_4	0	7	4	46	58	7	13	7	6	0
random_4	0	7	5	60	73	7	14	7	5	0
random_4	0	7	6	75	92	7	18	7	6	0
random_4	0	7	7	93	103	4	11	4	6	0
random_4	0	16	0	2	22	16	21	15	16	0
random_4	0	16	1	23	52	16	30	16	15	0
random_4	0	16	2	54	87	16	34	16	15	0
random_4	0	16	3	92	103	5	12	5	7	0
random_4	8	2	0	2	3	2	2	2	2	0
random_4	8	2	1	4	6	2	3	2	2	0
random_4	8	2	2	8	10	2	3	2	1	0
random_4	8	2	3	12	14	2	3	2	2	0
random_4	8	2	4	16	18	2	3	2	3	0
random_4	8	2	5	20	22	2	3	2	3	0
random_4	8	2	6	24	26	2	3	2	2	0
random_4	8	2	7	28	30	2	3	2	2	0
random_4	8	2	8	32	34	2	3	2	1	0
random_4	8	2	9	36	38	2	3	2	2	0
random_4	8	2	10	40	42	2	3	2	2	0
random_4	8	2	11	44	46	2	3	2	1	0
random_4	8	2	12	48	50	2	3	2	1	0
random_4	8	2	13	52	54	2	3	2	2	0
random_4	8	2	14	56	58	2	3	2	1	0
random_4	8	2	15	60	62	2	3	2	1	0
random_4	8	2	16	64	66	2	3	2	2	0
random_4	8	2	17	68	70	2	3	2	0	0
random_4	8	2	18	72	74	2	3	2	2	0
random_4	8	2	19	76	78	2	3	2	1	0
random_4	8	2	20	80	82	2	3	2	1	0
random_4	8	2	21	84	86	2	3	2	3	0
random_4	8	2	22	88	90	2	3	2	0	0
random_4	8	2	23	92	94	2	3	2	3	0
random_4	8	2	24	96	98	2	3	2	1	0
random_4	8	2	25	100	102	2	3	2	2	0
random_4	8	2	26	102	103	1	2	1	2	0
random_4	8	7	0	2	12	7	11	7	6	0
random_4	8	7	1	14	26	7	13	7	12	0
random_4	8	7	2	28	40	7	13	7	6	0
random_4	8	7	3	42	54	7	13	7	6	0
random_4	8	7	4	56	68	7	13	7	6	0
random_4	8	7	5	70	82	7	13	7	4	0
random_4	8	7	6	84	96	7	13	7	7	0
random_4	8	7	7	98	103	4	6	4	3	0
random_4	8	16	0	2	30	16	29	16	21	0
random_4	8	16	1	32	62	16	31	16	15	0
random_4	8	16	2	64	94	16	31	16	12	0
random_4	8	16	3	96	103	5	8	5	4	0
gapped_4	0	2	0	0	1	2	2	2	2	0
gapped_4	0	2	1	2	3	2	2	2	2	0
gapped_4	0	2	2	4	5	2	2	2	2	0
gapped_4	0	2	3	6	7	2	2	2	2	0
gapped_4	0	2	4	8	9	2	2	2	2	0
gapped_4	0	2	5	10	11	2	2	2	2	0
gapped_4	0	2	6	11	12	2	2	2	2	0
gapped_4	0	2	7	169	170	2	2	2	2	0
gapped_4	0	2	8	171	172	2	2	2	2	0
gapped_4	0	2	9	173	174	2	2	2	2	0
gapped_4	0	2	10	175	176	2	2	2	2	0
gapped_4	0	2	11	177	178	2	2	2	2	0
gapped_4	0	2	12	179	179	2	1	1	2	1
gapped_4	0	2	13	180	337	2	158	2	3	0
gapped_4	0	2	14	338	339	2	2	2	2	0
gapped_4	0	2	15	340	341	2	2	2	2	0
gapped_4	0	2	16	342	343	2	2	2	2	0
gapped_4	0	2	17	344	345	2	2	2	2	0
gapped_4	0	2	18	346	346	2	1	1	2	1
gapped_4	0	2	19	347	348	2	2	2	2	0
gapped_4	0	2	20	504	505	2	2	2	2	0
gapped_4	0	2	21	506	507	2	2	2	2	0
gapped_4	0	2	22	508	510	2	3	2	3	0
gapped_4	0	2	23	511	512	2	2	2	2	0
gapped_4	0	2	24	513	514	2	2	2	2	0
gapped_4	0	2	25	514	515	2	2	2	2	0
gapped_4	0	2	26	515	672	1	158	1	3	0
gapped_4	0	7	0	0	6	7	7	7	7	0
gapped_4	0	7	1	7	12	7	6	6	7	1
gapped_4	0	7	2	169	175	7	7	7	7	0
gapped_4	0	7	3	176	337	7	162	7	7	0
gapped_4	0	7	4	338	344	7	7	7	7	0
gapped_4	0	7	5	345	505	7	161	7	6	0
gapped_4	0	7	6	506	513	7	8	7	8	0
gapped_4	0	7	7	514	672	4	159	4	4	0
gapped_4	0	16	0	0	170	16	171	16	16	0
gapped_4	0	16	1	171	341	16	171	16	16	0
gapped_4	0	16	2	342	512	16	171	16	16	0
gapped_4	0	16	3	513	672	5	160	5	5	0
gapped_4	8	2	0	0	1	2	2	2	2	0
gapped_4	8	2	1	2	13	2	12	2	11	0
gapped_4	8	2	2	24	34	2	11	2	0	0
gapped_4	8	2	3	45	56	2	12	2	0	0
gapped_4	8	2	4	66	77	2	12	2	0	0
gapped_4	8	2	5	88	98	2	11	2	0	0
gapped_4	8	2	6	109	120	2	12	2	0	0
gapped_4	8	2	7	130	141	2	12	2	0	0
gapped_4	8	2	8	152	162	2	11	2	0	0
gapped_4	8	2	9	173	184	2	12	2	8	0
gapped_4	8	2	10	194	205	2	12	2	0	0
gapped_4	8	2	11	216	226	2	11	2	0	0
gapped_4	8	2	12	237	248	2	12	2	0	0
gapped_4	8	2	13	258	269	2	12	2	0	0
gapped_4	8	2	14	280	290	2	11	2	0	0
gapped_4	8	2	15	301	312	2	12	2	0	0
gapped_4	8	2	16	322	333	2	12	2	0	0
gapped_4	8	2	17	344	354	2	11	2	5	0
gapped_4	8	2	18	365	376	2	12	2	0	0
gapped_4	8	2	19	386	397	2	12	2	0	0
gapped_4	8	2	20	408	418	2	11	2	0	0
gapped_4	8	2	21	429	440	2	12	2	0	0
gapped_4	8	2	22	450	461	2	12	2	0	0
gapped_4	8	2	23	472	482	2	11	2	0	0
gapped_4	8	2	24	493	504	2	12	2	1	0
gapped_4	8	2	25	514	515	2	2	2	2	0
gapped_4	8	2	26	516	672	1	157	1	2	0
gapped_4	8	7	0	0	45	7	46	7	13	0
gapped_4	8	7	1	56	120	7	65	7	0	0
gapped_4	8	7	2	130	194	7	65	7	13	0
gapped_4	8	7	3	205	269	7	65	7	0	0
gapped_4	8	7	4	280	344	7	65	7	9	0
gapped_4	8	7	5	354	418	7	65	7	0	0
gapped_4	8	7	6	429	493	7	65	7	0	0
gapped_4	8	7	7	504	672	4	169	4	14	0
gapped_4	8	16	0	0	141	16	142	16	13	0
gapped_4	8	16	1	152	312	16	161	16	13	0
gapped_4	8	16	2	322	482	16	161	16	13	0
gapped_4	8	16	3	493	672	5	180	5	14	0
random_5	0	2	0	0	1	2	2	2	2	0
random_5	0	2	1	2	3	2	2	2	1	0
random_5	0	2	2	5	6	2	2	2	2	0
random_5	0	2	3	8	9	2	2	2	1	0
random_5	0	2	4	10	11	2	2	2	2	0
random_5	0	2	5	12	13	2	2	2	1	0
random_5	0	2	6	16	18	2	3	2	1	0
random_5	0	2	7	19	20	2	2	2	2	0
random_5	0	2	8	21	24	2	4	2	2	0
random_5	0	2	9	26	30	2	5	2	2	0
random_5	0	2	10	31	32	2	2	2	2	0
random_5	0	2	11	33	33	2	1	1	2	1
random_5	0	2	12	34	37	2	4	2	2	0
random_5	0	2	13	38	40	2	3	2	2	0
random_5	0	2	14	41	43	2	3	2	2	0
random_5	0	2	15	45	47	2	3	2	1	0
random_5	0	2	16	47	48	2	2	2	2	0
random_5	0	2	17	54	57	2	4	2	2	0
random_5	0	2	18	58	59	2	2	2	2	0
random_5	0	2	19	59	60	2	2	2	2	0
random_5	0	2	20	63	68	2	6	2	2	0
random_5	0	2	21	71	72	2	2	2	1	0
random_5	0	2	22	74	78	2	5	2	2	0
random_5	0	2	23	85	89	2	5	2	1	0
random_5	0	2	24	94	95	2	2	2	2	0
random_5	0	2	25	96	98	2	3	2	1	0
random_5	0	2	26	102	107	2	6	2	3	0
random_5	0	7	0	0	8	7	9	7	7	0
random_5	0	7	1	9	18	7	10	7	6	0
random_5	0	7	2	19	31	7	13	7	7	0
random_5	0	7	3	32	40	7	9	7	6	0
random_5	0	7	4	41	54	7	14	7	7	0
random_5	0	7	5	57	68	7	12	7	6	0
random_5	0	7	6	71	94	7	24	7	7	0
random_5	0	7	7	95	107	5	13	5	7	0
random_5	0	16	0	0	20	16	21	16	15	0
random_5	0	16	1	21	47	16	27	16	15	0
random_5	0	16	2	47	89	16	43	16	17	0
random_5	0	16	3	94	107	6	14	6	8	0
random_5	8	2	0	0	1	2	2	2	2	0
random_5	8	2	1	2	4	2	3	2	2	0
random_5	8	2	2	6	8	2	3	2	2	0
random_5	8	2	3	10	12	2	3	2	3	0
random_5	8	2	4	14	16	2	3	2	2	0
random_5	8	2	5	18	20	2	3	2	2	0
random_5	8	2	6	22	24	2	3	2	1	0
random_5	8	2	7	27	29	2	3	2	1	0
random_5	8	2	8	31	33	2	3	2	3	0
random_5	8	2	9	35	37	2	3	2	1	0
random_5	8	2	10	39	41	2	3	2	1	0
random_5	8	2	11	43	45	2	3	2	2	0
random_5	8	2	12	47	49	2	3	2	2	0
random_5	8	2	13	51	53	2	3	2	0	0
random_5	8	2	14	55	57	2	3	2	1	0
random_5	8	2	15	59	61	2	3	2	2	0
random_5	8	2	16	63	65	2	3	2	1	0
random_5	8	2	17	67	69	2	3	2	1	0
random_5	8	2	18	71	73	2	3	2	1	0
random_5	8	2	19	75	77	2	3	2	1	0
random_5	8	2	20	79	82	2	4	2	1	0
random_5	8	2	21	84	86	2	3	2	1	0
random_5	8	2	22	88	90	2	3	2	0	0
random_5	8	2	23	92	94	2	3	2	1	0
random_5	8	2	24	96	98	2	3	2	1	0
random_5	8	2	25	100	102	2	3	2	2	0
random_5	8	2	26	102	107	2	6	2	3	0
random_5	8	7	0	0	10	7	11	7	9	0
random_5	8	7	1	12	24	7	13	7	7	0
random_5	8	7	2	27	39	7	13	7	8	0
random_5	8	7	3	41	53	7	13	7	6	0
random_5	8	7	4	55	67	7	13	7	6	0
random_5	8	7	5	69	82	7	14	7	5	0
random_5	8	7	6	84	96	7	13	7	4	0
random_5	8	7	7	98	107	5	10	5	5	0
random_5	8	16	0	0	29	16	30	16	18	0
random_5	8	16	1	31	61	16	31	16	18	0
random_5	8	16	2	63	94	16	32	16	10	0
random_5	8	16	3	96	107	6	12	6	6	0
gapped_5	0	2	0	0	1	2	2	2	2	0
gapped_5	0	2	1	2	3	2	2	2	2	0
gapped_5	0	2	2	4	5	2	2	2	2	0
gapped_5	0	2	3	6	7	2	2	2	2	0
gapped_5	0	2	4	8	9	2	2	2	2	0
gapped_5	0	2	5	10	11	2	2	2	2	0
gapped_5	0	2	6	11	12	2	2	2	2	0
gapped_5	0	2	7	186	187	2	2	2	2	0
gapped_5	0	2	8	188	189	2	2	2	2	0
gapped_5	0	2	9	190	191	2	2	2	2	0
gapped_5	0	2	10	192	193	2	2	2	2	0
gapped_5	0	2	11	194	195	2	2	2	2	0
gapped_5	0	2	12	196	196	2	1	1	2	1
gapped_5	0	2	13	197	371	2	175	2	3	0
gapped_5	0	2	14	372	373	2	2	2	2	0
gapped_5	0	2	15	374	375	2	2	2	2	0
gapped_5	0	2	16	376	377	2	2	2	2	0
gapped_5	0	2	17	378	379	2	2	2	2	0
gapped_5	0	2	18	380	380	2	1	1	2	1
gapped_5	0	2	19	381	382	2	2	2	2	0
gapped_5	0	2	20	555	556	2	2	2	2	0
gapped_5	0	2	21	557	558	2	2	2	2	0
gapped_5	0	2	22	559	560	2	2	2	2	0
gapped_5	0	2	23	561	562	2	2	2	2	0
gapped_5	0	2	24	563	564	2	2	2	2	0
gapped_5	0	2	25	565	566	2	2	2	2	0
gapped_5	0	2	26	566	741	2	176	2	4	0
gapped_5	0	7	0	0	6	7	7	7	7	0
gapped_5	0	7	1	7	12	7	6	6	7	1
gapped_5	0	7	2	186	192	7	7	7	7	0
gapped_5	0	7	3	193	371	7	179	7	7	0
gapped_5	0	7	4	372	378	7	7	7	7	0
gapped_5	0	7	5	379	556	7	178	7	6	0
gapped_5	0	7	6	557	563	7	7	7	7	0
gapped_5	0	7	7	564	741	5	178	5	6	0
gapped_5	0	16	0	0	187	16	188	16	16	0
gapped_5	0	16	1	188	375	16	188	16	16	0
gapped_5	0	16	2	376	562	16	187	16	15	0
gapped_5	0	16	3	563	741	6	179	6	7	0
gapped_5	8	2	0	0	1	2	2	2	2	0
gapped_5	8	2	1	2	14	2	13	2	11	0
gapped_5	8	2	2	25	37	2	13	2	0	0
gapped_5	8	2	3	48	60	2	13	2	0	0
gapped_5	8	2	4	71	83	2	13	2	0	0
gapped_5	8	2	5	94	106	2	13	2	0	0
gapped_5	8	2	6	118	129	2	12	2	0	0
gapped_5	8	2	7	141	152	2	12	2	0	0
gapped_5	8	2	8	164	175	2	12	2	0	0
gapped_5	8	2	9	187	198	2	12	2	11	0
gapped_5	8	2	10	210	221	2	12	2	0	0
gapped_5	8	2	11	233	244	2	12	2	0	0
gapped_5	8	2	12	256	267	2	12	2	0	0
gapped_5	8	2	13	279	290	2	12	2	0	0
gapped_5	8	2	14	302	313	2	12	2	0	0
gapped_5	8	2	15	325	336	2	12	2	0	0
gapped_5	8	2	16	348	359	2	12	2	0	0
gapped_5	8	2	17	371	382	2	12	2	12	0
gapped_5	8	2	18	394	405	2	12	2	0	0
gapped_5	8	2	19	417	428	2	12	2	0	0
gapped_5	8	2	20	440	451	2	12	2	0	0
gapped_5	8	2	21	463	474	2	12	2	0	0
gapped_5	8	2	22	486	497	2	12	2	0	0
gapped_5	8	2	23	509	520	2	12	2	0	0
gapped_5	8	2	24	532	543	2	12	2	0	0
gapped_5	8	2	25	555	566	2	12	2	12	0
gapped_5	8	2	26	734	741	2	8	2	2	0
gapped_5	8	7	0	0	48	7	49	7	13	0
gapped_5	8	7	1	60	129	7	70	7	0	0
gapped_5	8	7	2	141	210	7	70	7	13	0
gapped_5	8	7	3	221	290	7	70	7	0	0
gapped_5	8	7	4	302	371	7	70	7	2	0
gapped_5	8	7	5	382	451	7	70	7	1	0
gapped_5	8	7	6	463	532	7	70	7	0	0
gapped_5	8	7	7	543	741	5	199	5	15	0
gapped_5	8	16	0	0	152	16	153	16	13	0
gapped_5	8	16	1	164	336	16	173	16	13	0
gapped_5	8	16	2	348	520	16	173	16	13	0
gapped_5	8	16	3	532	741	6	210	6	15	0
random_6	0	2	0	0	2	2	3	2	2	0
random_6	0	2	1	7	9	2	3	2	1	0
random_6	0	2	2	12	17	2	6	2	1	0
random_6	0	2	3	22	24	2	3	2	2	0
random_6	0	2	4	25	26	2	2	2	1	0
random_6	0	2	5	29	30	2	2	2	2	0
random_6	0	2	6	31	33	2	3	2	2	0
random_6	0	2	7	35	36	2	2	2	2	0
random_6	0	2	8	36	38	2	3	2	2	0
random_6	0	2	9	40	41	2	2	2	1	0
random_6	0	2	10	43	44	2	2	2	2	0
random_6	0	2	11	47	49	2	3	2	1	0
random_6	0	2	12	50	51	2	2	2	2	0
random_6	0	2	13	54	55	2	2	2	2	0
random_6	0	2	14	56	57	2	2	2	1	0
random_6	0	2	15	58	59	2	2	2	1	0
random_6	0	2	16	66	68	2	3	2	2	0
random_6	0	2	17	68	69	2	2	2	2	0
random_6	0	2	18	72	73	2	2	2	2	0
random_6	0	2	19	77	79	2	3	2	1	0
random_6	0	2	20	81	83	2	3	2	1	0
random_6	0	2	21	84	86	2	3	2	1	0
random_6	0	2	22	90	92	2	3	2	3	0
random_6	0	2	23	93	94	2	2	2	1	0
random_6	0	2	24	96	98	2	3	2	3	0
random_6	0	2	25	100	101	2	2	2	1	0
random_6	0	2	26	103	104	2	2	2	2	0
random_6	0	2	27	108	109	1	2	1	2	0
random_6	0	7	0	0	22	7	23	7	8	0
random_6	0	7	1	24	33	7	10	7	6	0
random_6	0	7	2	35	43	7	9	7	6	0
random_6	0	7	3	44	55	7	12	7	7	0
random_6	0	7	4	56	68	7	13	6	6	0
random_6	0	7	5	69	83	7	15	7	7	0
random_6	0	7	6	84	96	7	13	7	6	0
random_6	0	7	7	98	109	6	12	6	8	0
random_6	0	16	0	0	36	16	37	16	16	0
random_6	0	16	1	36	59	16	24	16	14	0
random_6	0	16	2	66	94	16	29	16	14	0
random_6	0	16	3	96	109	7	14	7	10	0
random_6	8	2	0	0	1	2	2	2	2	0
random_6	8	2	1	7	9	2	3	2	1	0
random_6	8	2	2	11	13	2	3	2	0	0
random_6	8	2	3	15	17	2	3	2	0	0
random_6	8	2	4	19	21	2	3	2	1	0
random_6	8	2	5	23	25	2	3	2	2	0
random_6	8	2	6	27	29	2	3	2	1	0
random_6	8	2	7	31	33	2	3	2	2	0
random_6	8	2	8	35	37	2	3	2	2	0
random_6	8	2	9	39	41	2	3	2	2	0
random_6	8	2	10	43	45	2	3	2	2	0
random_6	8	2	11	47	49	2	3	2	1	0
random_6	8	2	12	51	53	2	3	2	2	0
random_6	8	2	13	55	56	2	2	2	1	0
random_6	8	2	14	58	60	2	3	2	2	0
random_6	8	2	15	62	64	2	3	2	1	0
random_6	8	2	16	66	68	2	3	2	2	0
random_6	8	2	17	70	72	2	3	2	1	0
random_6	8	2	18	74	76	2	3	2	1	0
random_6	8	2	19	78	80	2	3	2	2	0
random_6	8	2	20	82	84	2	3	2	2	0
random_6	8	2	21	86	88	2	3	2	0	0
random_6	8	2	22	90	92	2	3	2	3	0
random_6	8	2	23	94	96	2	3	2	1	0
random_6	8	2	24	98	100	2	3	2	2	0
random_6	8	2	25	102	104	2	3	2	3	0
random_6	8	2	26	106	108	2	3	2	2	0
random_6	8	2	27	108	109	1	2	1	2	0
random_6	8	7	0	0	15	7	16	7	5	0
random_6	8	7	1	17	29	7	13	7	6	0
random_6	8	7	2	31	43	7	13	7	8	0
random_6	8	7	3	45	56	7	12	7	6	0
random_6	8	7	4	58	70	7	13	7	6	0
random_6	8	7	5	72	84	7	13	7	7	0
random_6	8	7	6	86	98	7	13	7	7	0
random_6	8	7	7	100	109	6	10	6	7	0
random_6	8	16	0	0	33	16	34	16	14	0
random_6	8	16	1	35	64	16	30	16	17	0
random_6	8	16	2	66	96	16	31	16	15	0
random_6	8	16	3	98	109	7	12	7	8	0
gapped_6	0	2	0	0	1	2	2	2	2	0
gapped_6	0	2	1	2	3	2	2	2	2	0
gapped_6	0	2	2	4	5	2	2	2	2	0
gapped_6	0	2	3	6	7	2	2	2	2	0
gapped_6	0	2	4	8	9	2	2	2	2	0
gapped_6	0	2	5	10	11	2	2	2	2	0
gapped_6	0	2	6	11	12	2	2	2	2	0
gapped_6	0	2	7	203	204	2	2	2	2	0
gapped_6	0	2	8	205	206	2	2	2	2	0
gapped_6	0	2	9	207	208	2	2	2	2	0
gapped_6	0	2	10	209	210	2	2	2	2	0
gapped_6	0	2	11	211	212	2	2	2	2	0
gapped_6	0	2	12	213	213	2	1	1	2	1
gapped_6	0	2	13	214	404	2	191	2	2	0
gapped_6	0	2	14	406	407	2	2	2	2	0
gapped_6	0	2	15	408	409	2	2	2	2	0
gapped_6	0	2	16	410	411	2	2	2	2	0
gapped_6	0	2	17	412	413	2	2	2	2	0
gapped_6	0	2	18	414	414	2	1	1	2	1
gapped_6	0	2	19	415	415	2	1	1	2	1
gapped_6	0	2	20	606	607	2	2	2	2	0
gapped_6	0	2	21	608	609	2	2	2	2	0
gapped_6	0	2	22	610	611	2	2	2	2	0
gapped_6	0	2	23	612	613	2	2	2	2	0
gapped_6	0	2	24	614	615	2	2	2	2	0
gapped_6	0	2	25	616	617	2	2	2	2	0
gapped_6	0	2	26	617	618	2	2	2	2	0
gapped_6	0	2	27	809	810	1	2	1	2	0
gapped_6	0	7	0	0	6	7	7	7	7	0
gapped_6	0	7	1	7	12	7	6	6	7	1
gapped_6	0	7	2	203	209	7	7	7	7	0
gapped_6	0	7	3	210	404	7	195	7	6	0
gapped_6	0	7	4	406	412	7	7	7	7	0
gapped_6	0	7	5	413	607	7	195	7	6	0
gapped_6	0	7	6	608	614	7	7	7	7	0
gapped_6	0	7	7	615	810	6	196	6	7	0
gapped_6	0	16	0	0	204	16	205	16	16	0
gapped_6	0	16	1	205	409	16	205	16	16	0
gapped_6	0	16	2	410	613	16	204	16	15	0
gapped_6	0	16	3	614	810	7	197	7	8	0
gapped_6	8	2	0	0	1	2	2	2	2	0
gapped_6	8	2	1	3	20	2	18	2	10	0
gapped_6	8	2	2	36	52	2	17	2	0	0
gapped_6	8	2	3	69	85	2	17	2	0	0
gapped_6	8	2	4	101	118	2	18	2	0	0
gapped_6	8	2	5	134	151	2	18	2	0	0
gapped_6	8	2	6	167	183	2	17	2	0	0
gapped_6	8	2	7	200	216	2	17	2	13	0
gapped_6	8	2	8	232	249	2	18	2	0	0
gapped_6	8	2	9	265	282	2	18	2	0	0
gapped_6	8	2	10	298	314	2	17	2	0	0
gapped_6	8	2	11	331	347	2	17	2	0	0
gapped_6	8	2	12	363	380	2	18	2	0	0
gapped_6	8	2	13	396	413	2	18	2	10	0
gapped_6	8	2	14	429	445	2	17	2	0	0
gapped_6	8	2	15	462	478	2	17	2	0	0
gapped_6	8	2	16	495	511	2	17	2	0	0
gapped_6	8	2	17	527	544	2	18	2	0	0
gapped_6	8	2	18	560	576	2	17	2	0	0
gapped_6	8	2	19	593	609	2	17	2	4	0
gapped_6	8	2	20	626	642	2	17	2	0	0
gapped_6	8	2	21	658	675	2	18	2	0	0
gapped_6	8	2	22	691	707	2	17	2	0	0
gapped_6	8	2	23	724	740	2	17	2	0	0
gapped_6	8	2	24	757	773	2	17	2	0	0
gapped_6	8	2	25	789	806	2	18	2	0	0
gapped_6	8	2	26	808	809	2	2	2	2	0
gapped_6	8	2	27	809	810	1	2	1	2	0
gapped_6	8	7	0	0	69	7	70	7	13	0
gapped_6	8	7	1	85	183	7	99	7	0	0
gapped_6	8	7	2	200	298	7	99	7	13	0
gapped_6	8	7	3	314	413	7	100	7	10	0
gapped_6	8	7	4	429	527	7	99	7	0	0
gapped_6	8	7	5	544	642	7	99	7	13	0
gapped_6	8	7	6	658	757	7	100	7	0	0
gapped_6	8	7	7	773	810	6	38	6	3	0
gapped_6	8	16	0	0	216	16	217	16	26	0
gapped_6	8	16	1	232	478	16	247	16	13	0
gapped_6	8	16	2	495	740	16	246	16	13	0
gapped_6	8	16	3	757	810	7	54	7	3	0
random_7	0	2	0	2	5	2	4	2	2	0
random_7	0	2	1	9	12	2	4	2	1	0
random_7	0	2	2	15	16	2	2	2	2	0
random_7	0	2	3	17	19	2	3	2	2	0
random_7	0	2	4	20	21	2	2	2	2	0
random_7	0	2	5	22	25	2	4	2	2	0
random_7	0	2	6	27	31	2	5	2	1	0
random_7	0	2	7	33	34	2	2	2	2	0
random_7	0	2	8	35	35	2	1	1	2	1
random_7	0	2	9	36	42	2	7	2	3	0
random_7	0	2	10	44	45	2	2	2	2	0
random_7	0	2	11	45	46	2	2	2	2	0
random_7	0	2	12	47	48	2	2	2	2	0
random_7	0	2	13	55	56	2	2	2	2	0
random_7	0	2	14	57	57	2	1	1	2	1
random_7	0	2	15	58	59	2	2	2	2	0
random_7	0	2	16	63	66	2	4	2	2	0
random_7	0	2	17	67	67	2	1	1	2	1
random_7	0	2	18	69	71	2	3	2	2	0
random_7	0	2	19	72	73	2	2	2	2	0
random_7	0	2	20	74	75	2	2	2	2	0
random_7	0	2	21	77	81	2	5	2	2	0
random_7	0	2	22	82	88	2	7	2	2	0
random_7	0	2	23	94	96	2	3	2	2	0
random_7	0	2	24	97	98	2	2	2	2	0
random_7	0	2	25	101	103	2	3	2	1	0
random_7	0	2	26	106	108	2	3	2	1	0
random_7	0	2	27	109	110	2	2	2	2	0
random_7	0	7	0	2	17	7	16	7	7	0
random_7	0	7	1	19	31	7	13	7	7	0
random_7	0	7	2	33	44	7	12	7	7	0
random_7	0	7	3	45	56	7	12	7	6	0
random_7	0	7	4	57	67	7	11	7	7	0
random_7	0	7	5	67	75	7	9	7	8	0
random_7	0	7	6	77	97	7	21	7	8	0
random_7	0	7	7	98	110	7	13	7	7	0
random_7	0	16	0	2	34	16	33	16	16	0
random_7	0	16	1	35	59	16	25	15	14	0
random_7	0	16	2	63	96	16	34	16	17	0
random_7	0	16	3	97	110	8	14	8	8	0
random_7	8	2	0	2	4	2	3	2	2	0
random_7	8	2	1	8	10	2	3	2	1	0
random_7	8	2	2	12	14	2	3	2	1	0
random_7	8	2	3	16	18	2	3	2	2	0
random_7	8	2	4	20	22	2	3	2	2	0
random_7	8	2	5	24	26	2	3	2	2	0
random_7	8	2	6	28	30	2	3	2	1	0
random_7	8	2	7	32	34	2	3	2	2	0
random_7	8	2	8	36	38	2	3	2	1	0
random_7	8	2	9	40	42	2	3	2	2	0
random_7	8	2	10	44	46	2	3	2	3	0
random_7	8	2	11	48	50	2	3	2	1	0
random_7	8	2	12	52	54	2	3	2	0	0
random_7	8	2	13	56	58	2	3	2	3	0
random_7	8	2	14	60	62	2	3	2	1	0
random_7	8	2	15	64	66	2	3	2	2	0
random_7	8	2	16	68	70	2	3	2	2	0
random_7	8	2	17	72	74	2	3	2	3	0
random_7	8	2	18	76	78	2	3	2	1	0
random_7	8	2	19	80	82	2	3	2	2	0
random_7	8	2	20	84	86	2	3	2	1	0
random_7	8	2	21	88	90	2	3	2	1	0
random_7	8	2	22	92	94	2	3	2	1	0
random_7	8	2	23	96	98	2	3	2	3	0
random_7	8	2	24	100	102	2	3	2	1	0
random_7	8	2	25	104	106	2	3	2	1	0
random_7	8	2	26	108	108	2	1	1	2	1
random_7	8	2	27	109	110	2	2	2	2	0
random_7	8	7	0	2	16	7	15	7	6	0
random_7	8	7	1	18	30	7	13	7	7	0
random_7	8	7	2	32	44	7	13	7	7	0
random_7	8	7	3	46	58	7	13	7	7	0
random_7	8	7	4	60	72	7	13	7	8	0
random_7	8	7	5	74	86	7	13	7	6	0
random_7	8	7	6	88	100	7	13	7	6	0
random_7	8	7	7	102	110	7	9	6	5	0
random_7	8	16	0	2	34	16	33	16	16	0
random_7	8	16	1	36	66	16	31	16	16	0
random_7	8	16	2	68	98	16	31	16	16	0
random_7	8	16	3	100	110	8	11	7	6	0
gapped_7	0	2	0	0	1	2	2	2	2	0
gapped_7	0	2	1	2	3	2	2	2	2	0
gapped_7	0	2	2	4	5	2	2	2	2	0
gapped_7	0	2	3	6	7	2	2	2	2	0
gapped_7	0	2	4	8	9	2	2	2	2	0
gapped_7	0	2	5	10	11	2	2	2	2	0
gapped_7	0	2	6	11	12	2	2	2	2	0
gapped_7	0	2	7	220	221	2	2	2	2	0
gapped_7	0	2	8	222	223	2	2	2	2	0
gapped_7	0	2	9	224	225	2	2	2	2	0
gapped_7	0	2	10	226	227	2	2	2	2	0
gapped_7	0	2	11	228	229	2	2	2	2	0
gapped_7	0	2	12	230	230	2	1	1	2	1
gapped_7	0	2	13	231	439	2	209	2	3	0
gapped_7	0	2	14	440	441	2	2	2	2	0
gapped_7	0	2	15	442	443	2	2	2	2	0
gapped_7	0	2	16	444	445	2	2	2	2	0
gapped_7	0	2	17	446	447	2	2	2	2	0
gapped_7	0	2	18	448	449	2	2	2	2	0
gapped_7	0	2	19	449	450	2	2	2	2	0
gapped_7	0	2	20	658	659	2	2	2	2	0
gapped_7	0	2	21	660	661	2	2	2	2	0
gapped_7	0	2	22	662	663	2	2	2	2	0
gapped_7	0	2	23	664	665	2	2	2	2	0
gapped_7	0	2	24	666	667	2	2	2	2	0
gapped_7	0	2	25	668	668	2	1	1	2	1
gapped_7	0	2	26	669	877	2	209	2	3	0
gapped_7	0	2	27	878	879	2	2	2	2	0
gapped_7	0	7	0	0	6	7	7	7	7	0
gapped_7	0	7	1	7	12	7	6	6	7	1
gapped_7	0	7	2	220	226	7	7	7	7	0
gapped_7	0	7	3	227	439	7	213	7	7	0
gapped_7	0	7	4	440	446	7	7	7	7	0
gapped_7	0	7	5	447	659	7	213	7	7	0
gapped_7	0	7	6	660	666	7	7	7	7	0
gapped_7	0	7	7	667	879	7	213	7	7	0
gapped_7	0	16	0	0	221	16	222	16	16	0
gapped_7	0	16	1	222	443	16	222	16	16	0
gapped_7	0	16	2	444	665	16	222	16	16	0
gapped_7	0	16	3	666	879	8	214	8	8	0
gapped_7	8	2	0	0	1	2	2	2	2	0
gapped_7	8	2	1	3	21	2	19	2	10	0
gapped_7	8	2	2	38	55	2	18	2	0	0
gapped_7	8	2	3	73	90	2	18	2	0	0
gapped_7	8	2	4	108	125	2	18	2	0	0
gapped_7	8	2	5	143	160	2	18	2	0	0
gapped_7	8	2	6	177	195	2	19	2	0	0
gapped_7	8	2	7	212	230	2	19	2	12	0
gapped_7	8	2	8	247	265	2	19	2	0	0
gapped_7	8	2	9	282	299	2	18	2	0	0
gapped_7	8	2	10	317	334	2	18	2	0	0
gapped_7	8	2	11	352	369	2	18	2	0	0
gapped_7	8	2	12	387	404	2	18	2	0	0
gapped_7	8	2	13	421	439	2	19	2	2	0
gapped_7	8	2	14	456	474	2	19	2	0	0
gapped_7	8	2	15	491	509	2	19	2	0	0
gapped_7	8	2	16	526	543	2	18	2	0	0
gapped_7	8	2	17	561	578	2	18	2	0	0
gapped_7	8	2	18	596	613	2	18	2	0	0
gapped_7	8	2	19	631	648	2	18	2	0	0
gapped_7	8	2	20	665	683	2	19	2	5	0
gapped_7	8	2	21	700	718	2	19	2	0	0
gapped_7	8	2	22	735	753	2	19	2	0	0
gapped_7	8	2	23	770	787	2	18	2	0	0
gapped_7	8	2	24	805	822	2	18	2	0	0
gapped_7	8	2	25	840	857	2	18	2	0	0
gapped_7	8	2	26	875	877	2	3	2	2	0
gapped_7	8	2	27	878	879	2	2	2	2	0
gapped_7	8	7	0	0	73	7	74	7	13	0
gapped_7	8	7	1	90	195	7	106	7	0	0
gapped_7	8	7	2	212	317	7	106	7	13	0
gapped_7	8	7	3	334	439	7	106	7	2	0
gapped_7	8	7	4	456	561	7	106	7	0	0
gapped_7	8	7	5	578	683	7	106	7	13	0
gapped_7	8	7	6	700	805	7	106	7	0	0
gapped_7	8	7	7	822	879	7	58	7	4	0
gapped_7	8	16	0	0	230	16	231	16	25	0
gapped_7	8	16	1	247	509	16	263	16	13	0
gapped_7	8	16	2	526	787	16	262	16	13	0
gapped_7	8	16	3	805	879	8	75	8	4	0
random_8	0	2	0	1	2	2	2	2	2	0
random_8	0	2	1	3	4	2	2	2	2	0
random_8	0	2	2	4	5	2	2	2	2	0
random_8	0	2	3	6	10	2	5	2	3	0
random_8	0	2	4	12	14	2	3	2	1	0
random_8	0	2	5	16	18	2	3	2	1	0
random_8	0	2	6	21	23	2	3	2	2	0
random_8	0	2	7	25	27	2	3	2	2	0
random_8	0	2	8	28	29	2	2	2	2	0
random_8	0	2	9	29	30	2	2	2	2	0
random_8	0	2	10	31	37	2	7	2	2	0
random_8	0	2	11	38	39	2	2	2	2	0
random_8	0	2	12	39	40	2	2	2	2	0
random_8	0	2	13	41	45	2	5	2	3	0
random_8	0	2	14	46	47	2	2	2	1	0
random_8	0	2	15	49	52	2	4	2	1	0
random_8	0	2	16	53	54	2	2	2	2	0
random_8	0	2	17	56	59	2	4	2	1	0
random_8	0	2	18	62	63	2	2	2	2	0
random_8	0	2	19	64	66	2	3	2	2	0
random_8	0	2	20	67	71	2	5	2	2	0
random_8	0	2	21	72	73	2	2	2	1	0
random_8	0	2	22	76	82	2	7	2	2	0
random_8	0	2	23	88	89	2	2	2	2	0
random_8	0	2	24	90	91	2	2	2	1	0
random_8	0	2	25	96	97	2	2	2	2	0
random_8	0	2	26	98	99	2	2	2	2	0
random_8	0	2	27	103	104	2	2	2	2	0
random_8	0	2	28	105	111	1	7	1	2	0
random_8	0	7	0	1	6	7	6	6	7	1
random_8	0	7	1	10	23	7	14	7	7	0
random_8	0	7	2	25	31	7	7	6	6	0
random_8	0	7	3	37	45	7	9	7	7	0
random_8	0	7	4	46	56	7	11	7	6	0
random_8	0	7	5	59	71	7	13	7	6	0
random_8	0	7	6	72	90	7	19	7	8	0
random_8	0	7	7	91	104	7	14	7	7	0
random_8	0	7	8	105	111	1	7	1	2	0
random_8	0	16	0	1	27	16	27	16	16	0
random_8	0	16	1	28	52	16	25	16	14	0
random_8	0	16	2	53	89	16	37	16	17	0
random_8	0	16	3	90	111	9	22	9	10	0
random_8	8	2	0	1	2	2	2	2	2	0
random_8	8	2	1	3	5	2	3	2	3	0
random_8	8	2	2	7	9	2	3	2	1	0
random_8	8	2	3	11	13	2	3	2	1	0
random_8	8	2	4	15	17	2	3	2	2	0
random_8	8	2	5	19	21	2	3	2	2	0
random_8	8	2	6	22	24	2	3	2	1	0
random_8	8	2	7	26	28	2	3	2	2	0
random_8	8	2	8	30	32	2	3	2	2	0
random_8	8	2	9	34	36	2	3	2	0	0
random_8	8	2	10	38	40	2	3	2	3	0
random_8	8	2	11	42	44	2	3	2	1	0
random_8	8	2	12	46	48	2	3	2	2	0
random_8	8	2	13	50	52	2	3	2	1	0
random_8	8	2	14	53	55	2	3	2	3	0
random_8	8	2	15	57	59	2	3	2	1	0
random_8	8	2	16	61	63	2	3	2	2	0
random_8	8	2	17	65	67	2	3	2	3	0
random_8	8	2	18	69	71	2	3	2	1	0
random_8	8	2	19	73	75	2	3	2	1	0
random_8	8	2	20	77	79	2	3	2	0	0
random_8	8	2	21	81	83	2	3	2	1	0
random_8	8	2	22	85	86	2	2	2	0	0
random_8	8	2	23	88	90	2	3	2	3	0
random_8	8	2	24	92	94	2	3	2	1	0
random_8	8	2	25	96	98	2	3	2	3	0
random_8	8	2	26	100	102	2	3	2	0	0
random_8	8	2	27	104	104	2	1	1	2	1
random_8	8	2	28	105	111	1	7	1	2	0
random_8	8	7	0	1	11	7	11	7	8	0
random_8	8	7	1	13	24	7	12	7	5	0
random_8	8	7	2	26	38	7	13	7	7	0
random_8	8	7	3	40	52	7	13	7	7	0
random_8	8	7	4	53	65	7	13	7	7	0
random_8	8	7	5	67	79	7	13	7	5	0
random_8	8	7	6	81	92	7	12	7	5	0
random_8	8	7	7	94	104	7	11	6	6	0
random_8	8	7	8	105	111	1	7	1	2	0
random_8	8	16	0	1	28	16	28	16	17	0
random_8	8	16	1	30	59	16	30	16	16	0
random_8	8	16	2	61	90	16	30	16	14	0
random_8	8	16	3	92	111	9	20	9	9	0
gapped_8	0	2	0	0	1	2	2	2	2	0
gapped_8	0	2	1	2	3	2	2	2	2	0
gapped_8	0	2	2	4	5	2	2	2	2	0
gapped_8	0	2	3	6	7	2	2	2	2	0
gapped_8	0	2	4	8	9	2	2	2	2	0
gapped_8	0	2	5	10	11	2	2	2	2	0
gapped_8	0	2	6	11	236	2	226	2	3	0
gapped_8	0	2	7	237	238	2	2	2	2	0
gapped_8	0	2	8	239	240	2	2	2	2	0
gapped_8	0	2	9	241	242	2	2	2	2	0
gapped_8	0	2	10	243	245	2	3	2	3	0
gapped_8	0	2	11	246	246	2	1	1	2	1
gapped_8	0	2	12	247	247	2	1	1	2	1
gapped_8	0	2	13	472	473	2	2	2	2	0
gapped_8	0	2	14	474	475	2	2	2	2	0
gapped_8	0	2	15	476	477	2	2	2	2	0
gapped_8	0	2	16	478	480	2	3	2	3	0
gapped_8	0	2	17	481	482	2	2	2	2	0
gapped_8	0	2	18	482	483	2	2	2	2	0
gapped_8	0	2	19	484	708	2	225	2	2	0
gapped_8	0	2	20	709	710	2	2	2	2	0
gapped_8	0	2	21	711	712	2	2	2	2	0
gapped_8	0	2	22	714	715	2	2	2	2	0
gapped_8	0	2	23	716	717	2	2	2	2	0
gapped_8	0	2	24	718	718	2	1	1	2	1
gapped_8	0	2	25	719	720	2	2	2	2	0
gapped_8	0	2	26	944	945	2	2	2	2	0
gapped_8	0	2	27	946	947	2	2	2	2	0
gapped_8	0	2	28	947	948	1	2	1	2	0
gapped_8	0	7	0	0	6	7	7	7	7	0
gapped_8	0	7	1	7	236	7	230	7	7	0
gapped_8	0	7	2	237	243	7	7	7	7	0
gapped_8	0	7	3	245	473	7	229	7	6	0
gapped_8	0	7	4	474	481	7	8	7	8	0
gapped_8	0	7	5	482	710	7	229	7	6	0
gapped_8	0	7	6	711	718	7	8	7	8	0
gapped_8	0	7	7	718	947	7	230	7	7	0
gapped_8	0	7	8	947	948	1	2	1	2	0
gapped_8	0	16	0	0	238	16	239	16	16	0
gapped_8	0	16	1	239	477	16	239	16	16	0
gapped_8	0	16	2	478	717	16	240	16	17	0
gapped_8	0	16	3	718	948	9	231	9	8	0
gapped_8	8	2	0	0	1	2	2	2	2	0
gapped_8	8	2	1	3	22	2	20	2	10	0
gapped_8	8	2	2	40	59	2	20	2	0	0
gapped_8	8	2	3	77	95	2	19	2	0	0
gapped_8	8	2	4	114	132	2	19	2	0	0
gapped_8	8	2	5	151	169	2	19	2	0	0
gapped_8	8	2	6	188	206	2	19	2	0	0
gapped_8	8	2	7	224	243	2	20	2	8	0
gapped_8	8	2	8	261	280	2	20	2	0	0
gapped_8	8	2	9	298	317	2	20	2	0	0
gapped_8	8	2	10	335	354	2	20	2	0	0
gapped_8	8	2	11	372	390	2	19	2	0	0
gapped_8	8	2	12	409	427	2	19	2	0	0
gapped_8	8	2	13	446	464	2	19	2	0	0
gapped_8	8	2	14	483	501	2	19	2	2	0
gapped_8	8	2	15	519	538	2	20	2	0	0
gapped_8	8	2	16	556	575	2	20	2	0	0
gapped_8	8	2	17	593	612	2	20	2	0	0
gapped_8	8	2	18	630	649	2	20	2	0	0
gapped_8	8	2	19	667	685	2	19	2	0	0
gapped_8	8	2	20	704	722	2	19	2	13	0
gapped_8	8	2	21	741	759	2	19	2	0	0
gapped_8	8	2	22	778	796	2	19	2	0	0
gapped_8	8	2	23	814	833	2	20	2	0	0
gapped_8	8	2	24	851	870	2	20	2	0	0
gapped_8	8	2	25	888	907	2	20	2	0	0
gapped_8	8	2	26	925	944	2	20	2	1	0
gapped_8	8	2	27	946	947	2	2	2	2	0
gapped_8	8	2	28	947	948	1	2	1	2	0
gapped_8	8	7	0	0	77	7	78	7	13	0
gapped_8	8	7	1	95	206	7	112	7	0	0
gapped_8	8	7	2	224	335	7	112	7	13	0
gapped_8	8	7	3	354	464	7	111	7	0	0
gapped_8	8	7	4	483	593	7	111	7	2	0
gapped_8	8	7	5	612	722	7	111	7	13	0
gapped_8	8	7	6	741	851	7	111	7	0	0
gapped_8	8	7	7	870	947	7	78	7	4	0
gapped_8	8	7	8	947	948	1	2	1	2	0
gapped_8	8	16	0	0	243	16	244	16	21	0
gapped_8	8	16	1	261	538	16	278	16	13	0
gapped_8	8	16	2	556	833	16	278	16	13	0
gapped_8	8	16	3	851	948	9	98	9	5	0
random_9	0	2	0	0	7	2	8	2	2	0
random_9	0	2	1	10	12	2	3	2	0	0
random_9	0	2	2	13	14	2	2	2	2	0
random_9	0	2	3	15	16	2	2	2	2	0
random_9	0	2	4	17	18	2	2	2	2	0
random_9	0	2	5	19	20	2	2	2	1	0
random_9	0	2	6	24	31	2	8	2	3	0
random_9	0	2	7	33	34	2	2	2	2	0
random_9	0	2	8	35	38	2	4	2	2	0
random_9	0	2	9	39	40	2	2	2	1	0
random_9	0	2	10	41	43	2	3	2	2	0
random_9	0	2	11	45	47	2	3	2	2	0
random_9	0	2	12	48	50	2	3	2	1	0
random_9	0	2	13	51	52	2	2	2	2	0
random_9	0	2	14	54	57	2	4	2	1	0
random_9	0	2	15	59	61	2	3	2	1	0
random_9	0	2	16	62	64	2	3	2	2	0
random_9	0	2	17	65	66	2	2	2	2	0
random_9	0	2	18	68	70	2	3	2	2	0
random_9	0	2	19	71	72	2	2	2	1	0
random_9	0	2	20	76	84	2	9	2	3	0
random_9	0	2	21	87	90	2	4	2	0	0
random_9	0	2	22	91	92	2	2	2	2	0
random_9	0	2	23	93	94	2	2	2	2	0
random_9	0	2	24	95	96	2	2	2	2	0
random_9	0	2	25	97	98	2	2	2	1	0
random_9	0	2	26	102	108	2	7	2	3	0
random_9	0	2	27	109	111	2	3	2	1	0
random_9	0	2	28	113	115	2	3	2	2	0
random_9	0	7	0	0	15	7	16	7	6	0
random_9	0	7	1	16	31	7	16	7	8	0
random_9	0	7	2	33	41	7	9	7	6	0
random_9	0	7	3	43	52	7	10	7	6	0
random_9	0	7	4	54	65	7	12	7	6	0
random_9	0	7	5	66	84	7	19	7	8	0
random_9	0	7	6	87	95	7	9	7	5	0
random_9	0	7	7	96	111	7	16	7	7	0
random_9	0	7	8	113	115	2	3	2	2	0
random_9	0	16	0	0	34	16	35	16	16	0
random_9	0	16	1	35	61	16	27	16	15	0
random_9	0	16	2	62	94	16	33	16	16	0
random_9	0	16	3	95	115	10	21	10	11	0
random_9	8	2	0	0	6	2	7	2	2	0
random_9	8	2	1	9	11	2	3	2	1	0
random_9	8	2	2	13	15	2	3	2	3	0
random_9	8	2	3	17	19	2	3	2	3	0
random_9	8	2	4	21	23	2	3	2	1	0
random_9	8	2	5	25	27	2	3	2	1	0
random_9	8	2	6	28	30	2	3	2	1	0
random_9	8	2	7	32	34	2	3	2	2	0
random_9	8	2	8	36	38	2	3	2	2	0
random_9	8	2	9	40	42	2	3	2	2	0
random_9	8	2	10	44	46	2	3	2	2	0
random_9	8	2	11	48	50	2	3	2	1	0
random_9	8	2	12	52	54	2	3	2	2	0
random_9	8	2	13	56	58	2	3	2	2	0
random_9	8	2	14	60	61	2	2	2	0	0
random_9	8	2	15	63	65	2	3	2	2	0
random_9	8	2	16	67	69	2	3	2	1	0
random_9	8	2	17	71	73	2	3	2	2	0
random_9	8	2	18	75	77	2	3	2	1	0
random_9	8	2	19	79	81	2	3	2	0	0
random_9	8	2	20	83	85	2	3	2	1	0
random_9	8	2	21	87	89	2	3	2	0	0
random_9	8	2	22	91	92	2	2	2	2	0
random_9	8	2	23	94	96	2	3	2	3	0
random_9	8	2	24	98	100	2	3	2	1	0
random_9	8	2	25	102	104	2	3	2	1	0
random_9	8	2	26	106	108	2	3	2	1	0
random_9	8	2	27	110	112	2	3	2	1	0
random_9	8	2	28	114	115	2	2	2	2	0
random_9	8	7	0	0	17	7	18	7	8	0
random_9	8	7	1	19	30	7	12	7	4	0
random_9	8	7	2	32	44	7	13	7	8	0
random_9	8	7	3	46	58	7	13	7	7	0
random_9	8	7	4	60	71	7	12	7	7	0
random_9	8	7	5	73	85	7	13	7	4	0
random_9	8	7	6	87	98	7	12	7	7	0
random_9	8	7	7	100	112	7	13	7	5	0
random_9	8	7	8	114	115	2	2	2	2	0
random_9	8	16	0	0	34	16	35	16	16	0
random_9	8	16	1	36	65	16	30	16	18	0
random_9	8	16	2	67	96	16	30	16	14	0
random_9	8	16	3	98	115	10	18	10	8	0
gapped_9	0	2	0	0	1	2	2	2	2	0
gapped_9	0	2	1	2	3	2	2	2	2	0
gapped_9	0	2	2	4	5	2	2	2	2	0
gapped_9	0	2	3	6	8	2	3	2	3	0
gapped_9	0	2	4	9	10	2	2	2	2	0
gapped_9	0	2	5	10	11	2	2	2	2	0
gapped_9	0	2	6	12	253	2	242	2	2	0
gapped_9	0	2	7	254	256	2	3	2	3	0
gapped_9	0	2	8	257	258	2	2	2	2	0
gapped_9	0	2	9	259	260	2	2	2	2	0
gapped_9	0	2	10	261	262	2	2	2	2	0
gapped_9	0	2	11	263	263	2	1	1	2	1
gapped_9	0	2	12	264	265	2	2	2	2	0
gapped_9	0	2	13	506	508	2	3	2	3	0
gapped_9	0	2	14	509	510	2	2	2	2	0
gapped_9	0	2	15	511	512	2	2	2	2	0
gapped_9	0	2	16	513	514	2	2	2	2	0
gapped_9	0	2	17	515	516	2	2	2	2	0
gapped_9	0	2	18	517	517	2	1	1	2	1
gapped_9	0	2	19	518	760	2	243	2	3	0
gapped_9	0	2	20	761	762	2	2	2	2	0
gapped_9	0	2	21	763	764	2	2	2	2	0
gapped_9	0	2	22	765	766	2	2	2	2	0
gapped_9	0	2	23	767	768	2	2	2	2	0
gapped_9	0	2	24	769	770	2	2	2	2	0
gapped_9	0	2	25	770	771	2	2	2	2	0
gapped_9	0	2	26	1013	1014	2	2	2	2	0
gapped_9	0	2	27	1015	1015	2	1	1	2	1
gapped_9	0	2	28	1016	1017	2	2	2	2	0
gapped_9	0	7	0	0	6	7	7	7	7	0
gapped_9	0	7	1	8	253	7	246	7	6	0
gapped_9	0	7	2	254	261	7	8	7	8	0
gapped_9	0	7	3	262	508	7	247	7	7	0
gapped_9	0	7	4	509	515	7	7	7	7	0
gapped_9	0	7	5	516	762	7	247	7	7	0
gapped_9	0	7	6	763	769	7	7	7	7	0
gapped_9	0	7	7	770	1015	7	246	6	6	0
gapped_9	0	7	8	1016	1017	2	2	2	2	0
gapped_9	0	16	0	0	256	16	257	16	17	0
gapped_9	0	16	1	257	512	16	256	16	16	0
gapped_9	0	16	2	513	768	16	256	16	16	0
gapped_9	0	16	3	769	1017	10	249	9	9	0
gapped_9	8	2	0	0	1	2	2	2	2	0
gapped_9	8	2	1	3	23	2	21	2	10	0
gapped_9	8	2	2	42	62	2	21	2	0	0
gapped_9	8	2	3	81	100	2	20	2	0	0
gapped_9	8	2	4	120	139	2	20	2	0	0
gapped_9	8	2	5	159	178	2	20	2	0	0
gapped_9	8	2	6	197	217	2	21	2	0	0
gapped_9	8	2	7	236	256	2	21	2	4	0
gapped_9	8	2	8	275	294	2	20	2	0	0
gapped_9	8	2	9	314	333	2	20	2	0	0
gapped_9	8	2	10	353	372	2	20	2	0	0
gapped_9	8	2	11	391	411	2	21	2	0	0
gapped_9	8	2	12	430	450	2	21	2	0	0
gapped_9	8	2	13	469	488	2	20	2	0	0
gapped_9	8	2	14	508	527	2	20	2	11	0
gapped_9	8	2	15	547	566	2	20	2	0	0
gapped_9	8	2	16	585	605	2	21	2	0	0
gapped_9	8	2	17	624	644	2	21	2	0	0
gapped_9	8	2	18	663	683	2	21	2	0	0
gapped_9	8	2	19	702	721	2	20	2	0	0
gapped_9	8	2	20	741	760	2	20	2	2	0
gapped_9	8	2	21	780	799	2	20	2	0	0
gapped_9	8	2	22	818	838	2	21	2	0	0
gapped_9	8	2	23	857	877	2	21	2	0	0
gapped_9	8	2	24	896	915	2	20	2	0	0
gapped_9	8	2	25	935	954	2	20	2	0	0
gapped_9	8	2	26	974	993	2	20	2	0	0
gapped_9	8	2	27	1012	1015	2	4	2	4	0
gapped_9	8	2	28	1016	1017	2	2	2	2	0
gapped_9	8	7	0	0	81	7	82	7	13	0
gapped_9	8	7	1	100	217	7	118	7	0	0
gapped_9	8	7	2	236	353	7	118	7	13	0
gapped_9	8	7	3	372	488	7	117	7	0	0
gapped_9	8	7	4	508	624	7	117	7	11	0
gapped_9	8	7	5	644	760	7	117	7	2	0
gapped_9	8	7	6	780	896	7	117	7	0	0
gapped_9	8	7	7	915	1015	7	101	7	4	0
gapped_9	8	7	8	1016	1017	2	2	2	2	0
gapped_9	8	16	0	0	256	16	257	16	17	0
gapped_9	8	16	1	275	566	16	292	16	13	0
gapped_9	8	16	2	585	877	16	293	16	13	0
gapped_9	8	16	3	896	1017	10	122	10	6	0
