carried_state,case,grandparent_boundaries,initial_plr_error,input_descriptor_entries,input_descriptor_files,input_global_empty_sketches,input_global_incomplete_sketches,input_global_sample_distinct_union,input_global_sample_entries,input_original_keys_covered_by_any_descriptor_range,input_original_keys_outside_all_descriptor_ranges,input_range_empty_sketches,input_range_estimated_entry_sum,input_range_incomplete_sketches,input_range_sample_entries,input_range_sketches,isolated_union_estimate,kmv_samples,merged_target,original_input_entry_sum,output_descriptor_entries,output_descriptor_files,output_global_empty_sketches,output_global_incomplete_sketches,output_global_sample_distinct_union,output_global_sample_entries,output_original_keys_covered_by_any_descriptor_range,output_original_keys_outside_all_descriptor_ranges,output_range_empty_sketches,output_range_estimated_entry_sum,output_range_incomplete_sketches,output_range_sample_entries,output_range_sketches,range_buckets,raw_outputs_capacity_violations,raw_outputs_crossfile_duplicate_rows,raw_outputs_files,raw_outputs_invalid_ranges,raw_outputs_invented_keys,raw_outputs_library_distinct_union,raw_outputs_library_invented_keys,raw_outputs_library_missing_original_keys,raw_outputs_library_perfile_distinct_sum,raw_outputs_library_raw_vector_rows,raw_outputs_library_unique_vs_stream_disagree_files,raw_outputs_library_within_file_duplicates,raw_outputs_missing_original_keys,raw_outputs_overlapping_range_pairs,raw_outputs_planned_entries,raw_outputs_stream_distinct_union,raw_outputs_stream_reference_drop,raw_outputs_stream_reference_rows,record_type,round,sst_target_entries,target_minus_true_union,this_round_entry_drop,trimmed_outputs_diagnostic_only_capacity_violations,trimmed_outputs_diagnostic_only_crossfile_duplicate_rows,trimmed_outputs_diagnostic_only_files,trimmed_outputs_diagnostic_only_invalid_ranges,trimmed_outputs_diagnostic_only_invented_keys,trimmed_outputs_diagnostic_only_library_distinct_union,trimmed_outputs_diagnostic_only_library_invented_keys,trimmed_outputs_diagnostic_only_library_missing_original_keys,trimmed_outputs_diagnostic_only_library_perfile_distinct_sum,trimmed_outputs_diagnostic_only_library_raw_vector_rows,trimmed_outputs_diagnostic_only_library_unique_vs_stream_disagree_files,trimmed_outputs_diagnostic_only_library_within_file_duplicates,trimmed_outputs_diagnostic_only_missing_original_keys,trimmed_outputs_diagnostic_only_overlapping_range_pairs,trimmed_outputs_diagnostic_only_planned_entries,trimmed_outputs_diagnostic_only_stream_distinct_union,trimmed_outputs_diagnostic_only_stream_reference_drop,trimmed_outputs_diagnostic_only_stream_reference_rows,true_original_union
"raw SplitIntoSSTs descriptors, never synthetic materialized keys",disjoint_interleaved,0,8,16384,4,0,4,2048,2048,16384,0,0,16384,32,2048,32,16384,512,16384,16384,16384,32,0,32,1800,1800,16383,1,0,16725,256,1800,256,8,2,0,32,0,0,16381,0,3,16381,16384,0,3,3,0,16384,16381,3,16381,fixed_original_set_remerge,1,512,0,0,2,0,32,0,0,16381,0,3,16381,16384,0,3,3,0,16384,16381,3,16381,16384
"raw SplitIntoSSTs descriptors, never synthetic materialized keys",disjoint_interleaved,0,8,16384,32,0,32,1800,1800,16383,1,0,16725,256,1800,256,16384,512,16384,16384,16384,32,0,32,1780,1780,16383,1,0,16729,256,1799,256,8,17,1,32,0,0,15655,0,729,15656,16384,0,728,729,1,16384,15655,728,15656,fixed_original_set_remerge,2,512,0,0,17,0,32,0,0,15656,0,728,15656,16384,0,728,728,0,16384,15656,728,15656,16384
"raw SplitIntoSSTs descriptors, never synthetic materialized keys",disjoint_interleaved,0,8,16384,32,0,32,1780,1780,16383,1,0,16729,256,1799,256,16384,512,16384,16384,16384,32,0,32,1773,1776,16381,3,0,16769,256,1801,256,8,17,7,32,0,0,15472,0,912,15479,16384,0,905,912,7,16384,15472,905,15479,fixed_original_set_remerge,3,512,0,0,17,0,32,0,0,15475,0,909,15475,16384,0,909,909,0,16384,15475,909,15475,16384
"raw SplitIntoSSTs descriptors, never synthetic materialized keys",disjoint_interleaved,0,8,16384,32,0,32,1773,1776,16381,3,0,16769,256,1801,256,16384,512,16384,16384,16384,32,0,32,1773,1775,16381,3,0,16757,256,1799,256,8,19,10,32,0,0,15443,0,941,15453,16384,0,931,941,10,16384,15443,931,15453,fixed_original_set_remerge,4,512,0,0,19,0,32,0,0,15451,0,933,15451,16384,0,933,933,0,16384,15451,933,15451,16384
"raw SplitIntoSSTs descriptors, never synthetic materialized keys",disjoint_interleaved,0,8,16384,4,0,4,8192,8192,16384,0,0,16384,32,8192,32,16384,2048,16384,16384,16384,32,0,32,7808,7808,16384,0,0,16493,256,7815,256,8,2,0,32,0,0,16379,0,5,16379,16384,0,5,5,0,16384,16379,5,16379,fixed_original_set_remerge,1,512,0,0,2,0,32,0,0,16379,0,5,16379,16384,0,5,5,0,16384,16379,5,16379,16384
"raw SplitIntoSSTs descriptors, never synthetic materialized keys",disjoint_interleaved,0,8,16384,32,0,32,7808,7808,16384,0,0,16493,256,7815,256,16359,2048,16359,16384,16359,32,0,32,7778,7780,16384,0,0,16495,256,7812,256,8,18,2,32,0,0,16068,0,316,16070,16359,0,289,316,2,16359,16068,289,16070,fixed_original_set_remerge,2,512,-25,25,18,0,32,0,0,16068,0,316,16068,16359,0,291,316,0,16359,16068,291,16068,16384
"raw SplitIntoSSTs descriptors, never synthetic materialized keys",disjoint_interleaved,0,8,16359,32,0,32,7778,7780,16384,0,0,16495,256,7812,256,16359,2048,16359,16384,16359,32,0,32,7778,7779,16384,0,0,16497,256,7809,256,8,19,2,32,0,0,16015,0,369,16017,16359,0,342,369,2,16359,16015,342,16017,fixed_original_set_remerge,3,512,-25,0,19,0,32,0,0,16015,0,369,16015,16359,0,344,369,0,16359,16015,344,16015,16384
"raw SplitIntoSSTs descriptors, never synthetic materialized keys",disjoint_interleaved,0,8,16359,32,0,32,7778,7779,16384,0,0,16497,256,7809,256,16359,2048,16359,16384,16359,32,0,32,7764,7768,16384,0,0,16508,256,7810,256,8,18,10,32,0,0,15995,0,389,16005,16359,0,354,389,10,16359,15995,354,16005,fixed_original_set_remerge,4,512,-25,0,18,0,32,0,0,16000,0,384,16000,16359,0,359,384,0,16359,16000,359,16000,16384
"raw SplitIntoSSTs descriptors, never synthetic materialized keys",disjoint_interleaved,0,8,16384,4,0,0,16384,16384,16384,0,0,16384,0,16384,32,16384,16384,16384,16384,16384,32,0,0,16383,16383,16383,1,0,16383,0,16383,256,8,1,0,32,0,0,16382,0,2,16382,16384,0,2,2,0,16384,16382,2,16382,fixed_original_set_remerge,1,512,0,0,1,0,32,0,0,16382,0,2,16382,16384,0,2,2,0,16384,16382,2,16382,16384
"raw SplitIntoSSTs descriptors, never synthetic materialized keys",disjoint_interleaved,0,8,16384,32,0,0,16383,16383,16383,1,0,16383,0,16383,256,16383,16384,16383,16384,16383,32,0,0,16382,16382,16382,2,0,16382,0,16382,256,8,1,0,32,0,0,16382,0,2,16382,16383,0,1,2,0,16383,16382,1,16382,fixed_original_set_remerge,2,512,-1,1,1,0,32,0,0,16382,0,2,16382,16383,0,1,2,0,16383,16382,1,16382,16384
"raw SplitIntoSSTs descriptors, never synthetic materialized keys",disjoint_interleaved,0,8,16383,32,0,0,16382,16382,16382,2,0,16382,0,16382,256,16382,16384,16382,16384,16382,32,0,0,16382,16383,16384,0,0,16383,0,16383,256,8,6,1,32,0,0,16371,0,13,16372,16382,0,10,13,1,16382,16371,10,16372,fixed_original_set_remerge,3,512,-2,1,7,0,32,0,0,16372,0,12,16372,16382,0,10,12,0,16382,16372,10,16372,16384
"raw SplitIntoSSTs descriptors, never synthetic materialized keys",disjoint_interleaved,0,8,16382,32,0,0,16382,16383,16384,0,0,16383,0,16383,256,16382,16384,16382,16384,16382,32,0,0,16381,16387,16383,1,0,16387,0,16387,256,8,3,6,32,0,0,16344,0,40,16350,16382,0,32,40,6,16382,16344,32,16350,fixed_original_set_remerge,4,512,-2,0,7,0,32,0,0,16349,0,35,16349,16382,0,33,35,0,16382,16349,33,16349,16384
"raw SplitIntoSSTs descriptors, never synthetic materialized keys",hot_shared_core,0,8,16384,4,0,4,1030,2048,8192,0,0,16384,32,2048,32,8537,512,8537,16384,8537,17,0,17,938,938,8182,10,0,8736,136,961,136,8,4,1,17,0,5619,8307,5619,5504,8308,8537,0,229,5504,1,8537,8307,229,8308,fixed_original_set_remerge,1,512,345,7847,4,0,17,0,5619,8307,5619,5504,8307,8537,0,230,5504,0,8537,8307,230,8307,8192
"raw SplitIntoSSTs descriptors, never synthetic materialized keys",hot_shared_core,0,8,8537,17,0,17,938,938,8182,10,0,8736,136,961,136,8537,512,8537,16384,8537,17,0,17,925,925,8182,10,0,8712,136,956,136,8,2,1,17,0,5761,8400,5761,5553,8401,8537,0,136,5553,1,8537,8400,136,8401,fixed_original_set_remerge,2,512,345,0,2,0,17,0,5762,8401,5762,5553,8401,8537,0,136,5553,0,8537,8401,136,8401,8192
"raw SplitIntoSSTs descriptors, never synthetic materialized keys",hot_shared_core,0,8,8537,17,0,17,925,925,8182,10,0,8712,136,956,136,8537,512,8537,16384,8537,17,0,17,920,920,8181,11,0,8723,136,955,136,8,2,1,17,0,5739,8349,5739,5582,8350,8537,0,187,5582,1,8537,8349,187,8350,fixed_original_set_remerge,3,512,345,0,2,0,17,0,5739,8349,5739,5582,8349,8537,0,188,5582,0,8537,8349,188,8349,8192
"raw SplitIntoSSTs descriptors, never synthetic materialized keys",hot_shared_core,0,8,8537,17,0,17,920,920,8181,11,0,8723,136,955,136,8537,512,8537,16384,8537,17,0,17,911,912,8186,6,0,8742,136,952,136,8,2,2,17,0,5742,8354,5742,5580,8356,8537,0,181,5580,2,8537,8354,181,8356,fixed_original_set_remerge,4,512,345,0,2,0,17,0,5743,8356,5743,5579,8356,8537,0,181,5579,0,8537,8356,181,8356,8192
"raw SplitIntoSSTs descriptors, never synthetic materialized keys",hot_shared_core,0,8,16384,4,0,4,4112,8192,8192,0,0,16384,32,8192,32,8315,2048,8315,16384,8315,17,0,17,3911,3911,8181,11,0,8366,136,3921,136,8,4,0,17,0,5577,8277,5577,5492,8277,8315,0,38,5492,0,8315,8277,38,8277,fixed_original_set_remerge,1,512,123,8069,4,0,17,0,5577,8277,5577,5492,8277,8315,0,38,5492,0,8315,8277,38,8277,8192
"raw SplitIntoSSTs descriptors, never synthetic materialized keys",hot_shared_core,0,8,8315,17,0,17,3911,3911,8181,11,0,8366,136,3921,136,8287,2048,8287,16384,8287,17,0,17,3885,3885,8183,9,0,8350,136,3913,136,8,3,0,17,0,5570,8240,5570,5522,8240,8287,0,47,5522,0,8287,8240,47,8240,fixed_original_set_remerge,2,512,95,28,3,0,17,0,5570,8240,5570,5522,8240,8287,0,47,5522,0,8287,8240,47,8240,8192
"raw SplitIntoSSTs descriptors, never synthetic materialized keys",hot_shared_core,0,8,8287,17,0,17,3885,3885,8183,9,0,8350,136,3913,136,8276,2048,8276,16384,8276,17,0,17,3882,3882,8183,9,0,8349,136,3908,136,8,3,0,17,0,5531,8217,5531,5506,8217,8276,0,59,5506,0,8276,8217,59,8217,fixed_original_set_remerge,3,512,84,11,3,0,17,0,5531,8217,5531,5506,8217,8276,0,59,5506,0,8276,8217,59,8217,8192
"raw SplitIntoSSTs descriptors, never synthetic materialized keys",hot_shared_core,0,8,8276,17,0,17,3882,3882,8183,9,0,8349,136,3908,136,8267,2048,8267,16384,8267,17,0,17,3875,3876,8180,12,0,8339,136,3901,136,8,3,1,17,0,5503,8203,5503,5492,8204,8267,0,63,5492,1,8267,8203,63,8204,fixed_original_set_remerge,4,512,75,9,3,0,17,0,5504,8204,5504,5492,8204,8267,0,63,5492,0,8267,8204,63,8204,8192
"raw SplitIntoSSTs descriptors, never synthetic materialized keys",hot_shared_core,0,8,16384,4,0,0,8192,16384,8192,0,0,16384,0,16384,32,8192,16384,8192,16384,8192,16,0,0,8182,8182,8182,10,0,8182,0,8182,128,8,0,0,16,0,5528,8192,5528,5528,8192,8192,0,0,5528,0,8192,8192,0,8192,fixed_original_set_remerge,1,512,0,8192,0,0,16,0,5528,8192,5528,5528,8192,8192,0,0,5528,0,8192,8192,0,8192,8192
"raw SplitIntoSSTs descriptors, never synthetic materialized keys",hot_shared_core,0,8,8192,16,0,0,8182,8182,8182,10,0,8182,0,8182,128,8182,16384,8182,16384,8182,16,0,0,8173,8173,8182,10,0,8173,0,8173,128,8,1,0,16,0,5330,8181,5330,5341,8181,8182,0,1,5341,0,8182,8181,1,8181,fixed_original_set_remerge,2,512,-10,10,1,0,16,0,5330,8181,5330,5341,8181,8182,0,1,5341,0,8182,8181,1,8181,8192
"raw SplitIntoSSTs descriptors, never synthetic materialized keys",hot_shared_core,0,8,8182,16,0,0,8173,8173,8182,10,0,8173,0,8173,128,8173,16384,8173,16384,8173,16,0,0,8164,8164,8183,9,0,8164,0,8164,128,8,2,0,16,0,5358,8170,5358,5380,8170,8173,0,3,5380,0,8173,8170,3,8170,fixed_original_set_remerge,3,512,-19,9,2,0,16,0,5358,8170,5358,5380,8170,8173,0,3,5380,0,8173,8170,3,8170,8192
"raw SplitIntoSSTs descriptors, never synthetic materialized keys",hot_shared_core,0,8,8173,16,0,0,8164,8164,8183,9,0,8164,0,8164,128,8164,16384,8164,16384,8164,16,0,0,8153,8154,8180,12,0,8154,0,8154,128,8,2,1,16,0,5286,8158,5286,5320,8159,8164,0,5,5320,1,8164,8158,5,8159,fixed_original_set_remerge,4,512,-28,9,2,0,16,0,5286,8158,5286,5320,8158,8164,0,6,5320,0,8164,8158,6,8158,8192
"raw SplitIntoSSTs descriptors, never synthetic materialized keys",gapped_50,0,8,16384,4,0,4,1055,2048,8192,0,0,16384,32,2048,32,8184,512,8184,16384,8184,16,0,16,913,913,8181,11,21,10765,128,934,128,8,0,0,16,0,5549,8180,5549,5561,8180,8184,0,4,5561,0,8184,8180,4,8180,fixed_original_set_remerge,1,512,-8,8200,0,0,16,0,5549,8180,5549,5561,8180,8184,0,4,5561,0,8184,8180,4,8180,8192
"raw SplitIntoSSTs descriptors, never synthetic materialized keys",gapped_50,0,8,8184,16,0,16,913,913,8181,11,21,10765,128,934,128,7986,512,7986,16384,7986,16,0,16,899,899,8180,12,47,11803,128,926,128,8,0,0,16,0,6556,7986,6556,6762,7986,7986,0,0,6762,0,7986,7986,0,7986,fixed_original_set_remerge,2,512,-206,198,0,0,16,0,6556,7986,6556,6762,7986,7986,0,0,6762,0,7986,7986,0,7986,8192
"raw SplitIntoSSTs descriptors, never synthetic materialized keys",gapped_50,0,8,7986,16,0,16,899,899,8180,12,47,11803,128,926,128,7963,512,7963,16384,7963,16,0,16,896,896,8180,12,44,11741,128,916,128,8,0,0,16,0,6593,7963,6593,6822,7963,7963,0,0,6822,0,7963,7963,0,7963,fixed_original_set_remerge,3,512,-229,23,0,0,16,0,6593,7963,6593,6822,7963,7963,0,0,6822,0,7963,7963,0,7963,8192
"raw SplitIntoSSTs descriptors, never synthetic materialized keys",gapped_50,0,8,7963,16,0,16,896,896,8180,12,44,11741,128,916,128,7941,512,7941,16384,7941,16,0,16,884,884,8178,14,45,11692,128,910,128,8,0,0,16,0,6597,7941,6597,6848,7941,7941,0,0,6848,0,7941,7941,0,7941,fixed_original_set_remerge,4,512,-251,22,0,0,16,0,6597,7941,6597,6848,7941,7941,0,0,6848,0,7941,7941,0,7941,8192
"raw SplitIntoSSTs descriptors, never synthetic materialized keys",gapped_50,0,8,16384,4,0,4,4119,8192,8192,0,0,16384,32,8192,32,8148,2048,8148,16384,8148,16,0,16,3914,3914,8182,10,10,9476,128,3973,128,8,0,0,16,0,5376,8148,5376,5420,8148,8148,0,0,5420,0,8148,8148,0,8148,fixed_original_set_remerge,1,512,-44,8236,0,0,16,0,5376,8148,5376,5420,8148,8148,0,0,5420,0,8148,8148,0,8148,8192
"raw SplitIntoSSTs descriptors, never synthetic materialized keys",gapped_50,0,8,8148,16,0,16,3914,3914,8182,10,10,9476,128,3973,128,8148,2048,8148,16384,8148,16,0,16,3928,3928,8180,12,33,10541,128,3958,128,8,0,0,16,0,6051,8148,6051,6095,8148,8148,0,0,6095,0,8148,8148,0,8148,fixed_original_set_remerge,2,512,-44,0,0,0,16,0,6051,8148,6051,6095,8148,8148,0,0,6095,0,8148,8148,0,8148,8192
"raw SplitIntoSSTs descriptors, never synthetic materialized keys",gapped_50,0,8,8148,16,0,16,3928,3928,8180,12,33,10541,128,3958,128,8138,2048,8138,16384,8138,16,0,16,3916,3916,8181,11,35,10704,128,3943,128,8,0,0,16,0,6102,8138,6102,6156,8138,8138,0,0,6156,0,8138,8138,0,8138,fixed_original_set_remerge,3,512,-54,10,0,0,16,0,6102,8138,6102,6156,8138,8138,0,0,6156,0,8138,8138,0,8138,8192
"raw SplitIntoSSTs descriptors, never synthetic materialized keys",gapped_50,0,8,8138,16,0,16,3916,3916,8181,11,35,10704,128,3943,128,8124,2048,8124,16384,8124,16,0,16,3895,3895,8180,12,48,11667,128,3926,128,8,0,0,16,0,6130,8124,6130,6198,8124,8124,0,0,6198,0,8124,8124,0,8124,fixed_original_set_remerge,4,512,-68,14,0,0,16,0,6130,8124,6130,6198,8124,8124,0,0,6198,0,8124,8124,0,8124,8192
"raw SplitIntoSSTs descriptors, never synthetic materialized keys",gapped_50,0,8,16384,4,0,0,8192,16384,8192,0,0,16384,0,16384,32,8192,16384,8192,16384,8192,16,0,0,8191,8191,8191,1,0,8191,0,8191,120,8,0,0,16,0,5841,8192,5841,5841,8192,8192,0,0,5841,0,8192,8192,0,8192,fixed_original_set_remerge,1,512,0,8192,0,0,16,0,5841,8192,5841,5841,8192,8192,0,0,5841,0,8192,8192,0,8192,8192
"raw SplitIntoSSTs descriptors, never synthetic materialized keys",gapped_50,0,8,8192,16,0,0,8191,8191,8191,1,0,8191,0,8191,120,8191,16384,8191,16384,8191,16,0,0,8191,8191,8192,0,0,8191,0,8191,76,8,0,0,16,0,5495,8191,5495,5496,8191,8191,0,0,5496,0,8191,8191,0,8191,fixed_original_set_remerge,2,512,-1,1,0,0,16,0,5495,8191,5495,5496,8191,8191,0,0,5496,0,8191,8191,0,8191,8192
"raw SplitIntoSSTs descriptors, never synthetic materialized keys",gapped_50,0,8,8191,16,0,0,8191,8191,8192,0,0,8191,0,8191,76,8191,16384,8191,16384,8191,16,0,0,8184,8184,8185,7,0,8184,0,8184,94,8,0,0,16,0,5496,8191,5496,5497,8191,8191,0,0,5497,0,8191,8191,0,8191,fixed_original_set_remerge,3,512,-1,0,0,0,16,0,5496,8191,5496,5497,8191,8191,0,0,5497,0,8191,8191,0,8191,8192
"raw SplitIntoSSTs descriptors, never synthetic materialized keys",gapped_50,0,8,8191,16,0,0,8184,8184,8185,7,0,8184,0,8184,94,8184,16384,8184,16384,8184,16,0,0,8178,8178,8185,7,0,8178,0,8178,106,8,0,0,16,0,5499,8184,5499,5507,8184,8184,0,0,5507,0,8184,8184,0,8184,fixed_original_set_remerge,4,512,-8,7,0,0,16,0,5499,8184,5499,5507,8184,8184,0,0,5507,0,8184,8184,0,8184,8192
