mode,run_id,elapsed,ops_per_s,micros_per_op,found,total_ops,get_p50,get_p95,get_p99,get_p100,sst_p50,sst_p95,sst_p99,get_count,get_sum,sst_count,sst_sum,filter_per_get,index_per_get,data_per_get,sst_per_get,bytes_per_sst_read,bloom_fpr,bloom_useful,bloom_pos,bloom_tp,filter_miss,filter_hit,index_miss,index_hit,data_miss,data_hit,l0_hit,l1_hit,l2_hit,l3_hit,l4_hit,l5_hit,l6_hit,non_last_read_bytes,non_last_read_count,compact_read,compact_write
baseline,baseline_run1,535.383,1867,535.383,632270,1000000,536.50512,842.691455,964.030892,1675.0,130.348671,207.390428,242.454045,1000000,535003820,3866498,494413278,2.559288,0.650323,0.650864,3.866498,103804.19523351622,2.7760051543617603,1908965,650323,632270,2558732,556,650320,3,650864,0,0,851,9778,97562,524079,0,0,401358713262,3866498,0,0
baseline,baseline_run2,426.413,2345,426.413,632270,1000000,422.281881,764.692591,851.943437,1558.0,95.934294,163.458504,221.25323,1000000,426008966,3806858,385915739,2.500864,0.649631,0.650136,3.806858,105569.63573293251,2.6724402006677583,1851233,649631,632270,2500487,377,649631,0,650136,0,0,803,9758,97637,524072,0,0,401888612347,3806858,0,0
baseline,baseline_run3,536.401,1864,536.401,632270,1000000,540.742968,842.767535,933.48396,1733.0,131.236804,207.074018,242.01535,1000000,536005643,3848198,494869572,2.54144,0.650079,0.650623,3.848198,106694.3292741174,2.739513197626753,1891361,650079,632270,2540916,524,650079,0,650623,0,0,958,9790,97258,524264,0,0,410580904524,3848198,0,0
baseline,baseline_run4,428.925,2331,428.925,632270,1000000,425.78492,686.252764,838.031586,1729.0,94.057176,154.019739,169.007911,1000000,428542081,3994373,385476220,2.684656,0.651646,0.652271,3.994373,104914.75621305271,2.9733935296157754,2033010,651646,632270,2683843,813,651645,1,652271,0,0,980,9794,97778,523718,0,0,419068669519,3994373,0,0
baseline,baseline_run5,515.684,1939,515.684,632270,1000000,513.769672,838.743635,959.40113,1678.0,130.622742,209.723816,242.855246,1000000,515274458,3698565,475214334,2.393574,0.649153,0.649577,3.698565,107515.25654490323,2.6007736234755163,1744421,649153,632270,2393217,357,649153,0,649577,0,0,997,9625,97311,524337,0,0,397652164823,3698565,0,0
baseline,baseline_run6,504.134,1983,504.134,632270,1000000,502.647983,833.989933,869.486192,1829.0,130.692714,212.059251,243.483242,1000000,503758570,3588826,464322500,2.285764,0.648227,0.648601,3.588826,109554.5347787828,2.461637667051819,1637537,648227,632270,2285405,359,648226,1,648601,0,0,512,9825,97422,524511,0,0,393172162832,3588826,0,0
baseline,baseline_run7,430.332,2323,430.332,632270,1000000,424.339085,778.831593,855.099214,1534.0,96.249366,165.876934,227.833054,1000000,429943956,3814458,389296410,2.507984,0.649942,0.650483,3.814458,104063.32661678278,2.7190118502881777,1858042,649942,632270,2507453,531,649940,2,650483,0,0,822,9846,97281,524321,0,0,396945188720,3814458,0,0
baseline,baseline_run8,623.756,1603,623.756,632270,1000000,637.034226,997.497737,1240.779208,1816.0,133.759679,201.069269,240.945917,1000000,623353795,4436165,578466282,3.119704,0.656736,0.657219,4.436165,99831.64736298131,3.7253934609949857,2462968,656736,632270,3115558,4146,656736,0,657219,0,0,910,9808,97626,523926,0,0,442869659924,4436165,0,0
baseline,baseline_run9,544.86,1835,544.86,632270,1000000,547.18306,850.268453,1105.035455,1743.0,131.026691,206.777683,241.868541,1000000,544456281,3942732,503175213,2.634093,0.651071,0.651666,3.942732,102900.7531315849,2.887703491631477,1983022,651071,632270,2633367,726,651071,0,651666,0,0,874,9768,98141,523487,0,0,405710092196,3942732,0,0
baseline,baseline_run10,529.313,1889,529.313,632270,1000000,530.916602,845.802489,1066.230727,1835.0,131.871378,209.820293,242.855259,1000000,528917727,3760174,488438318,2.455157,0.649163,0.64968,3.760174,107774.68813544267,2.6022740051420024,1805994,649163,632270,2454717,440,649161,2,649680,0,0,964,9832,97875,523599,0,0,405251580185,3760174,0,0
baseline,baseline_run11,492.316,2031,492.316,632270,1000000,489.419407,827.501237,866.800091,1728.0,107.804399,168.553901,230.736092,1000000,491915982,3991584,449850717,2.67916,0.653008,0.65372,3.991584,103560.11115837723,3.175765074853598,2026152,653008,632270,2678272,888,653008,0,653720,0,0,939,9939,97550,523842,0,0,413368882738,3991584,0,0
baseline,baseline_run12,660.916,1513,660.916,632270,1000000,668.193033,1122.713902,1266.612036,1833.0,133.440104,211.556966,249.466702,1000000,660525944,4639358,612000227,3.318896,0.65789,0.658569,4.639358,103244.86512551953,3.8942680387298756,2661006,657890,632270,3316307,2589,657890,0,658569,0,0,838,9831,97663,523938,0,0,478989890979,4639358,0,0
baseline,baseline_run13,518.759,1927,518.759,632270,1000000,515.09044,838.730603,940.120951,1709.0,126.137117,203.923298,241.744156,1000000,518340084,3821124,477710727,2.513873,0.65031,0.650827,3.821124,106176.06847906532,2.77406160139011,1863563,650310,632270,2513379,494,650310,0,650827,0,0,972,9740,97344,524214,0,0,405711923491,3821124,0,0
baseline,baseline_run14,431.955,2315,431.955,632270,1000000,428.359771,773.684171,853.269231,1693.0,97.129633,166.160771,227.961315,1000000,431592264,3808187,391580704,2.501026,0.650235,0.650818,3.808187,103071.23957725815,2.7628472782916913,1850791,650235,632270,2500541,485,650234,1,650818,0,0,852,9821,97513,524084,0,0,392514554632,3808187,0,0
baseline,baseline_run15,540.534,1850,540.534,632270,1000000,547.090982,845.938257,1016.122408,1759.0,120.621214,169.905694,234.593697,1000000,540155509,4143233,496808444,2.82949,0.654118,0.654846,4.143233,102859.45773361044,3.340070140249929,2175372,654118,632270,2827691,1799,654118,0,654846,0,0,771,9724,97988,523787,0,0,426170699644,4143233,0,0
baseline,baseline_run16,517.114,1933,517.114,632270,1000000,518.779303,838.887236,928.450606,1671.0,129.539108,205.621559,242.18864,1000000,516752842,3748343,477160177,2.44387,0.648938,0.649375,3.748343,105390.99061478632,2.5685042330700347,1794932,648938,632270,2443449,421,648937,1,649375,0,0,958,9514,97479,524319,0,0,395041581934,3748343,0,0
baseline,baseline_run17,516.907,1934,516.907,632270,1000000,518.518897,835.848352,868.140001,1787.0,97.082047,165.979475,228.363067,1000000,516530782,4579948,468565687,3.26003,0.657597,0.658235,4.579948,104624.12299309949,3.8514470108592325,2602433,657597,632270,3257504,2526,657597,0,658235,0,0,830,9691,97964,523785,0,0,479173042854,4579948,0,0
baseline,baseline_run18,554.481,1803,554.481,632270,1000000,556.512222,855.881199,1154.785871,1734.0,127.741838,199.53421,240.361694,1000000,554078983,4066124,510565724,2.754091,0.652702,0.653405,4.066124,104399.53525593416,3.1303719001933517,2101389,652702,632270,2753477,614,652702,0,653405,0,0,845,9622,97407,524396,0,0,424501455893,4066124,0,0
baseline,baseline_run19,492.757,2029,492.757,632270,1000000,499.398227,832.74621,886.342341,1576.0,122.478263,177.495142,237.20736,1000000,492336256,3719754,451905526,2.414653,0.649194,0.649677,3.719754,106518.05546576467,2.6069248945615686,1765459,649194,632270,2414280,373,649193,1,649677,0,0,972,9689,97764,523845,0,0,396220962891,3719754,0,0
baseline,baseline_run20,483.063,2070,483.063,632270,1000000,479.555827,828.054964,869.765379,1665.0,110.749728,194.916022,239.680359,1000000,482680436,3781971,441405361,2.475877,0.649739,0.650225,3.781971,107744.95892379926,2.6886180450919506,1826138,649739,632270,2475432,445,649738,1,650225,0,0,831,9689,97672,524078,0,0,407488310046,3781971,0,0
baseline,baseline_run21,432.667,2311,432.667,632270,1000000,437.70511,780.19484,856.447921,1623.0,101.282561,165.948339,220.823824,1000000,432290501,3657420,392788101,2.352118,0.649287,0.649743,3.65742,108926.54796523233,2.6208748981575214,1702831,649287,632270,2351800,318,649285,2,649743,0,0,945,9584,97141,524600,0,0,398390135059,3657420,0,0
baseline,baseline_run22,484.496,2064,484.496,632270,1000000,481.614169,825.108569,866.727696,1762.0,107.887862,168.20652,228.975112,1000000,484090243,3930797,442086977,2.621636,0.651233,0.651854,3.930797,105037.98595017754,2.911861038982977,1970403,651233,632270,2621106,530,651233,0,651854,0,0,965,9647,97404,524254,0,0,412883000059,3930797,0,0
baseline,baseline_run23,456.659,2189,456.659,632270,1000000,447.629857,796.336789,859.298144,1650.0,95.402024,161.586847,216.692521,1000000,456254584,4117950,412913027,2.803681,0.653961,0.65467,4.11795,103954.35525200645,3.3168644613363774,2149720,653961,632270,2802713,968,653961,0,654670,0,0,861,9501,97987,523921,0,0,428078837210,4117950,0,0
baseline,baseline_run24,440.001,2272,440.001,632270,1000000,443.552466,794.348942,858.525272,1574.0,101.056532,167.896408,230.253631,1000000,439613062,3697076,398960642,2.392883,0.648744,0.649178,3.697076,108920.16408832277,2.5393683795148725,1744139,648744,632270,2392578,305,648744,0,649178,0,0,855,9859,97335,524221,0,0,402686124567,3697076,0,0
baseline,baseline_run25,485.303,2060,485.303,632270,1000000,497.969598,829.361045,866.638505,1602.0,117.154651,169.459526,233.216328,1000000,484921515,3780699,444764857,2.474984,0.649599,0.650092,3.780699,104698.88903877299,2.667645732213253,1825385,649599,632270,2474406,578,649599,0,650092,0,0,851,9771,97510,524138,0,0,395834985090,3780699,0,0
baseline,baseline_run26,503.695,1985,503.695,632270,1000000,503.980983,833.27708,868.876828,1761.0,118.269254,169.584817,233.372423,1000000,503268711,3924964,461487925,2.615559,0.651389,0.652051,3.924964,103668.23138021138,2.935112505737736,1964170,651389,632270,2614901,658,651388,1,652051,0,0,969,9814,97769,523718,0,0,406894076111,3924964,0,0
baseline,baseline_run27,404.891,2469,404.891,632270,1000000,409.33252,576.751331,803.944086,1593.0,94.310695,155.101607,168.472715,1000000,404511397,3761677,363958734,2.456082,0.649392,0.649876,3.761677,106522.98365064304,2.6366201000320277,1806690,649392,632270,2455769,313,649392,0,649876,0,0,937,9527,98049,523757,0,0,400705057570,3761677,0,0
baseline,baseline_run28,450.542,2219,450.542,632270,1000000,453.335282,802.487572,860.617784,1586.0,103.195747,165.581673,214.345526,1000000,450175400,3770255,408767568,2.464609,0.649473,0.649967,3.770255,107962.283224079,2.648762920090597,1815136,649473,632270,2464225,384,649473,0,649967,0,0,956,9733,97787,523794,0,0,407045338137,3770255,0,0
baseline,baseline_run29,470.03,2127,470.03,632270,1000000,463.428413,799.526826,860.506923,1694.0,94.379599,156.257845,185.562923,1000000,469625585,4323363,423322994,3.010479,0.653395,0.653992,4.323363,106254.02315072781,3.2331132010498975,2357084,653395,632270,3009440,1039,653395,0,653992,0,0,882,9779,97904,523705,0,0,459374712291,4323363,0,0
baseline,baseline_run30,405.09,2468,405.09,632270,1000000,409.674366,662.635287,834.711476,1561.0,94.589934,155.70823,168.226096,1000000,404716310,3697934,363192631,2.392619,0.649302,0.649781,3.697934,110921.79267477462,2.623124524489373,1743317,649302,632270,2392267,352,649302,0,649781,0,0,816,9801,97548,524105,0,0,410181468473,3697934,0,0
vcomp,vcomp_run1,497.248,2011,497.248,633979,1000000,502.689602,825.104226,865.104916,1707.0,93.655343,148.512762,166.418189,1000000,496817874,4657776,447628045,3.334807,0.658208,0.65887,4.657776,103102.1241064405,3.6810552287422804,2676599,658208,633979,3334502,305,658208,0,658870,0,0,899,9845,98779,524456,0,0,480226599212,4657776,0,0
vcomp,vcomp_run2,488.66,2046,488.66,633184,1000000,494.174303,820.567923,863.917986,1633.0,93.582464,148.486061,166.383406,1000000,488277962,4656166,440116702,3.327014,0.661815,0.662682,4.656166,100603.0705567628,4.326133436081081,2665199,661815,633184,3325467,1547,661815,0,662682,0,0,914,9903,98608,523759,0,0,468424596622,4656166,0,0
vcomp,vcomp_run3,495.986,2016,495.986,633198,1000000,502.103741,824.926971,865.037344,1554.0,93.635424,148.504818,166.564212,1000000,495579664,4679445,446575497,3.358122,0.658337,0.65908,4.679445,102391.90502484803,3.818561010546273,2699785,658337,633198,3355844,2278,658337,0,659080,0,0,881,9979,98911,523427,0,0,479137288009,4679445,0,0
vcomp,vcomp_run4,486.072,2057,486.072,633180,1000000,492.088715,819.254399,862.971399,1816.0,93.641248,149.074015,166.991131,1000000,485667883,4619682,436909118,3.295634,0.658964,0.659722,4.619682,101770.5305114075,3.912808590454109,2636670,658964,633180,3294818,816,658964,0,659722,0,0,878,9608,98785,523909,0,0,470147487934,4619682,0,0
vcomp,vcomp_run5,482.638,2071,482.638,632471,1000000,486.399666,814.717001,862.463254,1642.0,93.563469,148.695631,166.374674,1000000,482230261,4571447,433679367,3.251567,0.656766,0.657515,4.571447,102750.77351219428,3.6991866205010604,2594801,656766,632471,3250947,620,656765,1,657515,0,0,806,9897,98968,522800,0,0,469719715320,4571447,0,0
vcomp,vcomp_run6,459.693,2175,459.693,632397,1000000,457.596114,784.254991,856.755897,1675.0,93.606166,150.106088,166.83302,1000000,459267077,4321626,412891256,3.00598,0.654596,0.655305,4.321626,103845.28644612005,3.391252008872647,2351384,654596,632397,3005541,439,654596,0,655305,0,0,779,10070,98806,522742,0,0,448780489883,4321626,0,0
vcomp,vcomp_run7,448.666,2228,448.666,633241,1000000,446.356585,750.7095,849.464001,1521.0,93.726852,150.385942,166.76377,1000000,448248324,4230775,402561956,2.915213,0.654525,0.655262,4.230775,105387.51988843651,3.251823841717272,2260688,654525,633241,2914840,373,654525,0,655262,0,0,902,9956,98459,523924,0,0,445870884456,4230775,0,0
vcomp,vcomp_run8,466.201,2144,466.201,633595,1000000,466.206549,794.404761,858.596362,1971.0,93.714559,149.870667,166.736562,1000000,465777410,4384437,419261511,3.066138,0.655908,0.656622,4.384437,104845.89097209061,3.401849039804361,2410230,655908,633595,3065755,383,655908,0,656622,0,0,982,9755,98623,524235,0,0,459690203676,4384437,0,0
vcomp,vcomp_run9,467.826,2137,467.826,633246,1000000,466.845796,796.325069,858.967162,1672.0,93.614889,149.478351,166.470472,1000000,467428096,4418886,421146914,3.100392,0.656218,0.656921,4.418886,103633.00971692866,3.5006659372342708,2444174,656218,633246,3099577,815,656218,0,656921,0,0,949,10098,98964,523235,0,0,457942455776,4418886,0,0
vcomp,vcomp_run10,449.102,2226,449.102,633312,1000000,444.778615,752.949825,852.681581,1478.0,93.735891,150.791076,167.111676,1000000,448699561,4189267,403267326,2.873393,0.654802,0.655552,4.189267,106497.89961012272,3.281908118790111,2218591,654802,633312,2872725,668,654800,2,655552,0,0,940,10040,98606,523726,0,0,446148136406,4189267,0,0
vcomp,vcomp_run11,504.634,1981,504.634,632854,1000000,516.711169,831.149908,866.255149,2416.0,93.544519,148.073143,166.433535,1000000,504251995,4773350,454300654,3.446607,0.660734,0.661609,4.77335,101325.4228116522,4.2195497734337835,2785873,660734,632854,3444829,1778,660734,0,661609,0,0,999,9873,98787,523195,0,0,483661706978,4773350,0,0
vcomp,vcomp_run12,489.147,2044,489.147,633135,1000000,490.394683,817.750549,863.475106,1595.0,93.62962,148.529595,166.337633,1000000,488753269,4615836,440246165,3.296568,0.656569,0.657287,4.615836,102126.24811540099,3.569160286276085,2639999,656569,633135,3295800,768,656569,0,657287,0,0,771,9727,98387,524250,0,0,471398012596,4615836,0,0
vcomp,vcomp_run13,481.399,2077,481.399,632938,1000000,485.519551,814.801617,862.799167,1543.0,93.635743,149.089841,166.696651,1000000,481016306,4567001,433273247,3.240491,0.660291,0.66116,4.567001,101552.97007270198,4.142567443748291,2580200,660291,632938,3239383,1108,660290,1,661160,0,0,898,9716,98634,523690,0,0,463792515875,4567001,0,0
vcomp,vcomp_run14,449.319,2225,449.319,631960,1000000,444.991471,749.82629,849.580345,1553.0,93.730436,150.425859,166.827309,1000000,448900295,4218945,403776430,2.905127,0.653735,0.654435,4.218945,104504.68404257462,3.3308603639089274,2251392,653735,631960,2904601,526,653735,0,654435,0,0,776,9852,98137,523195,0,0,440899514218,4218945,0,0
vcomp,vcomp_run15,468.275,2135,468.275,633240,1000000,466.83832,796.115449,859.626979,3225.0,93.684255,149.764401,166.789796,1000000,467880185,4414841,420726920,3.091674,0.65855,0.659456,4.414841,103893.11831026305,3.843292081087235,2433124,658550,633240,3090649,1025,658550,0,659456,0,0,1051,9693,99277,523219,0,0,458671598334,4414841,0,0
vcomp,vcomp_run16,489.643,2042,489.643,633226,1000000,487.298012,816.8511,864.176598,1611.0,93.677099,149.018087,166.602169,1000000,489247052,4575312,439431758,3.255452,0.656933,0.657595,4.575312,105302.42237316274,3.608739399603922,2598519,656933,633226,3254594,858,656933,0,657595,0,0,885,10048,98843,523450,0,0,481791436713,4575312,0,0
vcomp,vcomp_run17,487.313,2052,487.313,632452,1000000,491.003589,818.018193,863.441946,1729.0,93.667227,148.965643,166.686403,1000000,486873787,4614316,438098061,3.291611,0.658412,0.659171,4.614316,102784.48792627119,3.9428199972053934,2633199,658412,632452,3290569,1042,658412,0,659171,0,0,981,9784,98871,522816,0,0,474280107190,4614316,0,0
vcomp,vcomp_run18,476.738,2097,476.738,633043,1000000,479.273401,809.59871,861.574693,1572.0,93.675651,149.11367,166.505285,1000000,476358860,4514095,428604573,3.194114,0.656876,0.657584,4.514095,103469.24257774814,3.6282342481686047,2537238,656876,633043,3193462,652,656875,1,657584,0,0,823,10067,99238,522915,0,0,467069990574,4514095,0,0
vcomp,vcomp_run19,446.647,2238,446.647,633339,1000000,443.097673,740.197018,847.948632,1461.0,93.6665,150.558626,166.819299,1000000,446269696,4210559,400235821,2.89422,0.655079,0.65583,4.210559,104438.55732979873,3.318683700744496,2239141,655079,633339,2893485,735,655078,1,655830,0,0,882,9809,99185,523463,0,0,439744707512,4210559,0,0
vcomp,vcomp_run20,469.498,2129,469.498,633499,1000000,469.844981,798.792164,859.815247,1802.0,93.675861,149.72394,166.789194,1000000,469105552,4422304,422123355,3.10319,0.65633,0.657044,4.422304,104269.51471631078,3.4785854676763206,2446860,656330,633499,3102734,456,656330,0,657044,0,0,902,9910,98350,524337,0,0,461111492008,4422304,0,0
vcomp,vcomp_run21,468.099,2136,468.099,633298,1000000,464.408011,793.070473,858.747827,1830.0,93.623135,149.988499,166.979426,1000000,467702532,4380799,420866224,3.061179,0.656638,0.657439,4.380799,103712.77186969774,3.5544698905637495,2404541,656638,633298,3060554,625,656638,0,657439,0,0,939,9913,98506,523940,0,0,454344807294,4380799,0,0
vcomp,vcomp_run22,469.318,2130,469.318,633011,1000000,464.476689,791.374078,858.49827,1563.0,93.70342,149.733986,166.720501,1000000,468935644,4399741,422001463,3.082508,0.655507,0.656213,4.399741,104359.43824397845,3.4318474097149276,2427001,655507,633011,3081822,686,655506,1,656213,0,0,969,9793,98554,523695,0,0,459154499179,4399741,0,0
vcomp,vcomp_run23,463.3,2158,463.3,633042,1000000,457.264803,780.36981,856.673552,1787.0,93.606703,149.985024,166.68279,1000000,462902612,4325737,416741879,3.00807,0.655658,0.656433,4.325737,104737.44734249909,3.4493592696192232,2352412,655658,633042,3007487,583,655657,1,656433,0,0,781,9813,98552,523896,0,0,453066651255,4325737,0,0
vcomp,vcomp_run24,482.365,2073,482.365,633300,1000000,483.982837,813.466362,862.053563,1584.0,93.636859,148.963268,166.572567,1000000,481992355,4578924,433656063,3.25355,0.659977,0.66078,4.578924,101264.10517885862,4.042110558398249,2593573,659977,633300,3251991,1559,659977,0,660780,0,0,854,9809,99019,523618,0,0,463680641542,4578924,0,0
vcomp,vcomp_run25,471.198,2122,471.198,633134,1000000,472.432218,800.367588,859.084522,1587.0,93.516344,149.051167,166.426112,1000000,470788425,4492987,423976308,3.172366,0.657209,0.657965,4.492987,100484.15135521202,3.663218245641797,2515157,657209,633134,3171567,799,657209,0,657965,0,0,810,9551,97221,525552,0,0,451473985745,4492987,0,0
vcomp,vcomp_run26,453.212,2206,453.212,633375,1000000,450.739552,767.328747,854.362254,1562.0,93.719996,150.381143,166.827411,1000000,452820111,4243466,407304731,2.926833,0.655252,0.65595,4.243466,104886.33768716422,3.338715486560895,2271581,655252,633375,2926086,747,655252,0,655950,0,0,623,9871,98275,524606,0,0,445081607840,4243466,0,0
vcomp,vcomp_run27,486.395,2055,486.395,633770,1000000,490.632758,818.436727,864.436346,1583.0,93.638133,149.005383,166.787224,1000000,486021622,4587248,437062772,3.265104,0.657875,0.658594,4.587248,104306.12625674478,3.664069922097668,2607229,657875,633770,3264595,509,657875,0,658594,0,0,801,9903,98708,524358,0,0,478478069059,4587248,0,0
vcomp,vcomp_run28,449.896,2222,449.896,633434,1000000,445.548433,746.823044,849.792286,1895.0,93.712426,150.631761,166.982218,1000000,449471079,4225803,404179674,2.908948,0.655238,0.656012,4.225803,104801.99148990144,3.327645832506665,2253710,655238,633434,2908387,561,655238,0,656012,0,0,865,9907,99196,523466,0,0,442872570044,4225803,0,0
vcomp,vcomp_run29,450.999,2217,450.999,633790,1000000,446.945723,753.567445,851.430488,2857.0,93.683195,150.746003,167.076978,1000000,450624151,4219611,405120311,2.902717,0.655235,0.655929,4.219611,105040.10791184306,3.2728715651636486,2247482,655235,633790,2902257,460,655235,0,655929,0,0,972,9940,99026,523852,0,0,443228394786,4219611,0,0
vcomp,vcomp_run30,455.186,2196,455.186,633056,1000000,454.056666,771.244148,853.902321,1647.0,93.564603,149.89635,166.461693,1000000,454793977,4303897,409778845,2.986181,0.655812,0.656527,4.303897,102029.37226889956,3.469896860685684,2330369,655812,633056,2985328,853,655812,0,656527,0,0,877,9721,96831,525627,0,0,439123909220,4303897,0,0
