arm	system	run_id	prepare_kind	prepare_sec	source_sst_count	status	measured_sec	drain_sec	process_elapsed_sec	throughput_ops_sec	avg_latency_us	operations	gets	puts	seeks	scan_entries_per_seek	get_found_fraction	positive_lookup_pct	filter_checks_per_lookup	bloom_filter_useful	bloom_filter_full_positive	bloom_filter_full_true_positive	bloom_false_positive_rate	bloom_filter_prefix_checked	memtable_hits	l0_hits	l1_hits	l2_and_up_hits	data_cache_hit_fraction	filter_cache_hit_fraction	index_cache_hit_fraction	engine_keys_read	engine_keys_written	engine_iterator_bytes_read	compaction_write_bytes	compaction_read_bytes	flush_write_bytes	compaction_write_bytes_per_put	pending_bytes_end	peak_rss_kb	stall_micros	source_db_dir	log_dir
b01	baseline	mg_base_b01_260914	deep_copy	122.5	13460	ok	300.037	9.64	309.68	646996.0	74.184	194122612	161116570	27179870	5826172	569.135	0.794824	79.4824	4.06696	532910839	122343785	117092077	0.00975859	0	10967235	13967151	3523307	99601619	0.704536	0.999965	0.999817	161116570	27179870	2763645084825	17863294976	15164791109	1672653364	657.23	0	55150016	0	/work/vcomp/exp/mgcopy_260914/b01	/home/smrc/virtual_compaction/vcomp/experiments/artifacts/log_runs/mg_base_b01_260914/full/mixgraph/baseline
g01	f2load	mg_nb_g01_260914	fresh_load	146.7	13765	ok	300.028	12.19	312.22	594619.0	80.721	178402218	148070986	24977482	5353750	569.276	0.830602	83.0602	4.1227	492869994	117582673	112952698	0.00930648	0	10035313	12941906	8924948	91085844	0.647738	0.999967	0.999801	148070986	24977482	2619637946522	18562011136	15949444043	1541601217	743.15	0	54943996	0	/work/vcomp/exp/f2band_260914_nb/g01	/home/smrc/virtual_compaction/vcomp/experiments/artifacts/log_runs/mg_nb_g01_260914/full/mixgraph/f2load
b02	baseline	mg_base_b02_260914	deep_copy	122.4	13496	ok	300.036	9.6	309.63	655895.0	73.178	196792183	163332123	27554048	5906012	569.045	0.795721	79.5721	4.03198	534841628	123709842	118345480	0.00993022	0	11621307	14724183	3218301	100402996	0.704397	0.999965	0.999811	163332123	27554048	2796109335607	16415936512	13556890093	1701546204	595.77	0	55323208	0	/work/vcomp/exp/mgcopy_260914/b02	/home/smrc/virtual_compaction/vcomp/experiments/artifacts/log_runs/mg_base_b02_260914/full/mixgraph/baseline
g02	f2load	mg_nb_g02_260914	fresh_load	148.1	13702	ok	300.034	9.91	309.94	607271.0	79.037	182201981	151224744	25509591	5467646	569.261	0.825676	82.5676	4.05514	493978677	119258791	114552227	0.00943795	0	10310352	13160328	6561083	94830816	0.655196	0.999966	0.999801	151224744	25509591	2660707947111	19657957376	16972871497	1552734138	770.61	0	55068632	0	/work/vcomp/exp/f2band_260914_nb/g02	/home/smrc/virtual_compaction/vcomp/experiments/artifacts/log_runs/mg_nb_g02_260914/full/mixgraph/f2load
b03	baseline	mg_base_b03_260914	deep_copy	122.5	13520	ok	300.043	9.91	309.96	658289.0	72.911	197514943	163931839	27655298	5927806	569.007	0.79596	79.596	4.07392	543591861	124252783	118777957	0.00997115	0	11705219	14741469	5742110	98294378	0.704016	0.999964	0.999809	163931839	27655298	2804920374955	18398457856	15319487875	1667373104	665.28	0	55261220	0	/work/vcomp/exp/mgcopy_260914/b03	/home/smrc/virtual_compaction/vcomp/experiments/artifacts/log_runs/mg_base_b03_260914/full/mixgraph/baseline
g03	f2load	mg_nb_g03_260914	fresh_load	148.1	13723	ok	300.034	9.72	309.75	603659.0	79.511	181118215	150324970	25357977	5435268	569.203	0.82531	82.531	4.06904	493388652	118289715	113376505	0.00985991	0	10688126	13320402	7885335	92170768	0.655854	0.999967	0.999806	150324970	25357977	2647548067796	17916723200	15576890508	1533601215	706.55	0	55084256	0	/work/vcomp/exp/f2band_260914_nb/g03	/home/smrc/virtual_compaction/vcomp/experiments/artifacts/log_runs/mg_nb_g03_260914/full/mixgraph/f2load
n01	baseline	mg_base_n01_260914	deep_copy	123.1	13483	ok	300.036	9.67	309.71	655971.0	73.169	196814722	163351459	27556627	5906636	569.047	0.795727	79.5727	4.09163	544342113	124032358	118773673	0.00956819	0	11209545	14209766	4599043	99964864	0.704072	0.999965	0.999813	163351459	27556627	2796359210794	17836875776	15205468718	1693047348	647.28	0	55142596	0	/work/vcomp/exp/mgcopy_260914/n01	/home/smrc/virtual_compaction/vcomp/experiments/artifacts/log_runs/mg_base_n01_260914/full/mixgraph/baseline
g04	f2load	mg_nb_g04_260914	fresh_load	147.5	13779	ok	300.035	9.72	309.75	603988.0	79.467	181217330	150407517	25371613	5438200	569.165	0.828733	82.8733	4.17756	509103333	119233474	114127809	0.00992916	0	10519934	13326313	11839943	88961553	0.651045	0.999967	0.999802	150407517	25371613	2650794853458	19367268352	17474637350	1527965288	763.34	0	55124624	0	/work/vcomp/exp/f2band_260914_nb/g04	/home/smrc/virtual_compaction/vcomp/experiments/artifacts/log_runs/mg_nb_g04_260914/full/mixgraph/f2load
n02	baseline	mg_base_n02_260914	deep_copy	122.8	13480	ok	300.039	12.94	312.98	647706.0	74.102	194337072	161294920	27209445	5832707	569.113	0.794898	79.4898	4.01782	526154814	121899532	116659518	0.00986087	0	11553425	14604013	6567346	95488159	0.703909	0.999964	0.999809	161294920	27209445	2766223725631	20875153408	17757560245	1679779888	767.2	0	55133916	0	/work/vcomp/exp/mgcopy_260914/n02	/home/smrc/virtual_compaction/vcomp/experiments/artifacts/log_runs/mg_base_n02_260914/full/mixgraph/baseline
g05	f2load	mg_nb_g05_260914	fresh_load	147.1	13771	ok	300.04	9.48	309.52	612415.0	78.372	183748980	152507223	25727612	5514145	569.284	0.826377	82.6377	3.98783	488388632	119784572	115130782	0.00943892	0	10897707	13618460	7861974	93650348	0.653933	0.999966	0.999798	152507223	25727612	2681766420230	18580799488	16407835675	1588147816	722.21	0	55125500	0	/work/vcomp/exp/f2band_260914_nb/g05	/home/smrc/virtual_compaction/vcomp/experiments/artifacts/log_runs/mg_nb_g05_260914/full/mixgraph/f2load
n03	baseline	mg_base_n03_260914	deep_copy	122.8	13549	ok	300.042	9.76	309.8	657715.0	72.974	197342428	163788862	27631053	5922513	569.011	0.795906	79.5906	4.02021	534330501	124135851	118968097	0.00957882	0	11392425	14366192	5257348	99344557	0.704477	0.999962	0.999804	163788862	27631053	2802706713898	16656777216	13803902058	1684089224	602.83	0	55151848	0	/work/vcomp/exp/mgcopy_260914/n03	/home/smrc/virtual_compaction/vcomp/experiments/artifacts/log_runs/mg_base_n03_260914/full/mixgraph/baseline
g06	f2load	mg_nb_g06_260914	fresh_load	146.7	13732	ok	300.043	9.65	309.69	601156.0	79.84	180372927	149706726	25253586	5412615	569.275	0.828526	82.8526	4.04445	487460659	118020114	113402440	0.00938402	0	10633469	13283468	5946347	94172625	0.650987	0.999967	0.999802	149706726	25253586	2641398857618	16437305344	14237610420	1535505855	650.89	0	55131564	0	/work/vcomp/exp/f2band_260914_nb/g06	/home/smrc/virtual_compaction/vcomp/experiments/artifacts/log_runs/mg_nb_g06_260914/full/mixgraph/f2load
n04	baseline	mg_base_n04_260914	deep_copy	123.0	13509	ok	300.043	9.84	309.89	655629.0	73.207	196717030	163270146	27543334	5903550	569.032	0.795695	79.5695	4.01655	532281597	123501746	118269611	0.00973396	0	11643687	14774157	6016623	97478831	0.704633	0.999964	0.999811	163270146	27543334	2795009605472	17080602624	14412242616	1665300528	620.14	0	55254640	0	/work/vcomp/exp/mgcopy_260914/n04	/home/smrc/virtual_compaction/vcomp/experiments/artifacts/log_runs/mg_base_n04_260914/full/mixgraph/baseline
g07	f2load	mg_nb_g07_260914	fresh_load	150.0	13724	ok	300.042	9.63	309.67	607375.0	79.022	182238146	151254253	25515152	5468741	569.26	0.82826	82.826	4.03071	490186297	119476052	114643328	0.0097627	0	10634541	13307131	8446396	92889801	0.651813	0.999966	0.999798	151254253	25515152	2663991058659	18814595072	16817407072	1548277352	737.39	0	55126684	0	/work/vcomp/exp/f2band_260914_nb/g07	/home/smrc/virtual_compaction/vcomp/experiments/artifacts/log_runs/mg_nb_g07_260914/full/mixgraph/f2load
r01	baseline	mg_base_r01_260914	deep_copy	123.1	13497	ok	300.041	9.75	309.79	645512.0	74.353	193680625	160749662	27118217	5812746	569.129	0.794679	79.4679	4.17367	548900439	122015035	116830947	0.00935613	0	10913466	13931986	7852143	95046818	0.704288	0.999964	0.999809	160749662	27118217	2758131567727	17194033152	14279199778	1662782004	634.04	0	55173796	0	/work/vcomp/exp/mgcopy_260914/r01	/home/smrc/virtual_compaction/vcomp/experiments/artifacts/log_runs/mg_base_r01_260914/full/mixgraph/baseline
g08	f2load	mg_nb_g08_260914	fresh_load	149.4	13801	ok	300.043	9.72	309.76	604831.0	79.355	181475383	150621705	25407722	5445956	569.264	0.827127	82.7127	4.20613	514172725	119361503	114348279	0.00965593	0	10235039	13099894	8517377	92731008	0.654307	0.999968	0.999802	150621705	25407722	2653289419548	19727843328	17316890708	1543706554	776.45	0	55123392	0	/work/vcomp/exp/f2band_260914_nb/g08	/home/smrc/virtual_compaction/vcomp/experiments/artifacts/log_runs/mg_nb_g08_260914/full/mixgraph/f2load
r02	baseline	mg_base_r02_260914	deep_copy	123.6	13522	ok	300.03	10.08	310.11	649130.0	73.942	194758994	161645172	27268590	5845232	569.067	0.795042	79.5042	4.18232	553595703	122455944	116960960	0.00982843	0	11553773	14728147	8566093	93666720	0.704728	0.999965	0.99981	161645172	27268590	2771157594971	18200760320	15270791703	1675704368	667.46	0	55159220	0	/work/vcomp/exp/mgcopy_260914/r02	/home/smrc/virtual_compaction/vcomp/experiments/artifacts/log_runs/mg_base_r02_260914/full/mixgraph/baseline
g09	f2load	mg_nb_g09_260914	fresh_load	149.7	13710	ok	300.049	9.57	309.62	596509.0	80.46	178982293	148552299	25058764	5371230	569.261	0.828872	82.8872	4.053	484568954	117513156	112566966	0.01010426	0	10563892	13191101	5774252	93601613	0.649649	0.999966	0.999796	148552299	25058764	2625307200517	18608271360	15832292765	1535452607	742.59	0	55042672	0	/work/vcomp/exp/f2band_260914_nb/g09	/home/smrc/virtual_compaction/vcomp/experiments/artifacts/log_runs/mg_nb_g09_260914/full/mixgraph/f2load
run3	baseline	mg_base_run3_260914	deep_copy	123.2	13461	ok	300.034	9.59	309.62	646727.0	74.215	194040174	161048719	27167819	5823636	569.11	0.794797	79.4797	4.11571	540676720	122152534	116993962	0.00945079	0	11007123	13991100	8795648	94207214	0.704582	0.999965	0.999817	161048719	27167819	2762477275260	18354458624	15629721271	1678404155	675.6	0	55212836	0	/work/vcomp/exp/mgcopy_260914/run3	/home/smrc/virtual_compaction/vcomp/experiments/artifacts/log_runs/mg_base_run3_260914/full/mixgraph/baseline
g10	f2load	mg_nb_g10_260914	fresh_load	148.3	13700	ok	300.038	9.75	309.79	604077.0	79.454	181246364	150431686	25375679	5438999	569.222	0.828235	82.8235	3.9799	480009227	118693789	114057342	0.00956667	0	10535492	12975816	4573885	96507641	0.650343	0.999965	0.999799	150431686	25375679	2651373085939	17842814976	15642254753	1530095208	703.15	0	54981532	0	/work/vcomp/exp/f2band_260914_nb/g10	/home/smrc/virtual_compaction/vcomp/experiments/artifacts/log_runs/mg_nb_g10_260914/full/mixgraph/f2load
