config	workload	ops_per_sec	micros_per_op	p50_us	p99_us	p999_us	filter_checks_per_read	positive_lookup_pct	queries	found	keys_written	compaction_write_gb	compaction_read_gb	flush_write_gb	user_bytes_read_gb	sst_block_reads
P0-r1	A	691689	69.3920	74.3700	503.8500	834.7700	8.9688	86.7288	2159340	1872769	103767698	774.7504	830.2388	73.6410	90.0226	47305150
P0-r1	B	1002901	47.8590	65.3200	166.6200	590.2000	4.2565	83.4393	5953870	4967867	15044635	152.7935	159.6879	10.7319	238.5694	76413167
P0-r1	C	1474872	32.5440	73.1300	166.5600	241.3300	3.4268	60.2917	9227175	5563219	0	0.0000	0.0000	0.0000	266.7878	99967066
P0-r1	D	2511581	19.1110	34.8000	109.0400	167.8600	1.0497	91.9682	14894622	13698313	37678994	0.1209	0.1499	39.1673	658.3191	106595525
P0-r1	E	90887	528.1010	76.5200	555.2000	592.0000			0	0	1365172	0.0000	0.0000	1.3561	0.0000	117349796
P0-r1	F	567233	84.6150	72.9500	525.7700	857.9200	7.6588	86.3776	1773967	1532310	85100192	678.5630	723.4987	60.3950	147.0566	73003366
E2-4T	A	570362	84.1560	75.0900	505.9400	825.0900	8.0313	85.6686	1784755	1528974	85568039	824.0685	872.7793	60.7637	73.3025	38763611
E2-4T	B	984408	48.7570	68.6500	164.4600	553.0300	4.1108	82.7034	5858229	4844956	14766914	181.9024	189.3805	10.4788	232.0901	78470814
E2-4T	C	1279469	37.5130	73.5400	166.8100	249.9100	4.1392	62.6133	7952032	4979033	0	0.0000	0.0000	0.0000	240.2737	93221597
E2-4T	D	2585993	18.5610	51.1700	109.3300	232.9100	0.9629	83.8455	15342545	12864036	38795835	0.4969	0.2578	40.3184	618.0067	109362340
E2-4T	E	107477	446.5970	84.9000	704.7000	826.0000			0	0	1613605	0.0000	0.0000	1.6564	0.0000	114713612
E2-4T	F	485702	98.8210	73.9500	505.8000	852.4700	6.7576	85.3828	1523568	1300865	72867288	759.5925	801.5456	51.7077	124.4518	62850189
E3-u25	A	678290	70.7640	73.2900	459.9800	794.5400	9.0773	72.9043	2122381	1547307	101756791	680.1878	735.1118	72.2163	74.2181	32965704
E3-u25	B	1143085	41.9880	64.3800	163.3500	525.1000	3.9708	66.7018	6787031	4527075	17147343	162.2232	171.8216	12.1714	217.4069	39793950
E3-u25	C	3186181	15.0650	73.4800	165.8100	245.6900	2.5499	24.0646	19913416	4792084	0	0.0000	0.0000	0.0000	230.0502	68366125
E3-u25	D	4196075	11.4390	44.3900	108.9700	181.1600	0.7782	85.4893	24883888	21273064	62947163	0.6285	0.2337	65.4255	1022.3402	80762814
E3-u25	E	129260	371.3290	73.3300	499.0000	817.5100			0	0	1941486	0.1290	0.1297	2.0073	0.0000	109291597
E3-u25	F	618146	77.6510	74.9900	490.7100	782.5700	7.9789	72.5740	1933317	1403085	92731783	678.2418	729.1184	65.8175	134.6448	54401278
E4-64m4	A	747409	64.2190	71.0300	375.2400	761.0700	9.7500	86.8712	2339086	2031993	112125775	446.7248	483.5383	79.5741	97.4366	51179854
E4-64m4	B	1034847	46.3820	51.9900	119.6500	491.0500	4.1456	83.4895	6140477	5126654	15523382	72.7606	76.1886	11.0607	246.3130	78594430
E4-64m4	C	1388852	34.5600	72.6100	165.3100	207.7800	4.0310	60.2942	8683210	5235474	0	0.0000	0.0000	0.0000	251.2276	93120879
E4-64m4	D	2548029	18.8370	33.9200	108.7800	169.1700	1.1357	91.9856	15098310	13888277	38227138	0.1191	0.0386	39.7404	668.0806	105766581
E4-64m4	E	123855	387.5370	64.7100	368.9500	778.0700			0	0	1860289	0.0000	0.0000	1.9133	0.0000	106652221
E4-64m4	F	598641	80.1790	69.8800	318.2000	633.1800	8.7244	86.4700	1870625	1617529	89807465	363.4051	392.3274	63.7550	155.3639	76473898
E5-256	A	694246	69.1330	74.0000	455.4200	800.6200	9.0590	86.7341	2172020	1883882	104159701	732.7609	786.7310	73.9331	90.3704	47523876
E5-256	B	998977	48.0460	63.3500	158.3000	599.8400	4.2709	83.4348	5947315	4962129	14985707	141.8679	148.2919	10.6692	237.6219	76244068
E5-256	C	949432	50.5540	72.7800	165.4500	192.9100	4.2004	60.2777	5980206	3604729	0	0.0000	0.0000	0.0000	171.7514	65023773
E5-256	D	2504426	19.1640	33.9800	109.1200	171.7200	1.1495	91.9552	14880105	13683025	37574685	0.0000	0.0000	39.0817	656.4739	106306824
E5-256	E	91358	525.3810	68.5000	496.0000	813.0000			0	0	1372212	0.0000	0.0000	1.4122	0.0000	118036779
E5-256	F	574240	83.5840	72.5000	451.7700	816.6600	7.5651	86.3973	1794622	1550505	86149801	671.6301	716.7504	61.1631	148.9082	74136862
E7-lz4	A	691291	69.4300	73.9000	487.2300	847.1600	8.8786	86.7270	2161975	1875016	103711668	799.7854	732.4529	73.6167	89.9730	47165849
E7-lz4	B	1029137	46.6380	69.2500	496.6300	969.9900	3.9112	83.4778	6111308	5101585	15438448	268.3656	211.3227	10.9366	244.9405	77682821
E7-lz4	C	1691141	28.3820	67.8600	163.2900	262.4500	2.7743	60.3019	10561915	6369039	0	0.0000	0.0000	0.0000	305.9193	113114718
E7-lz4	D	2662390	18.0280	40.4200	125.4200	403.0700	0.9132	92.0696	15805086	14551680	39944737	0.6144	0.3360	41.5342	698.6683	111221115
E7-lz4	E	115679	414.9080	52.9200	351.4000	816.0000			0	0	1737678	0.0000	0.0000	1.7976	0.0000	114709736
E7-lz4	F	567741	84.5390	74.6000	574.7300	1103.9500	7.4787	86.3765	1776874	1534802	85176993	744.0093	670.2295	60.4405	147.1917	72966902
