case,error,estimate,input_entry_sum,key_offset,kmv_samples,offset_index,record_type,relative_error,true_union
disjoint_interleaved,0,16384,16384,0,512,0,single_merge_hash_offset,0,16384
disjoint_interleaved,-392,15992,16384,10000019,512,1,single_merge_hash_offset,-0.02392578125,16384
disjoint_interleaved,-605,15779,16384,20000038,512,2,single_merge_hash_offset,-0.03692626953125,16384
disjoint_interleaved,-154,16230,16384,30000057,512,3,single_merge_hash_offset,-0.0093994140625,16384
disjoint_interleaved,0,16384,16384,40000076,512,4,single_merge_hash_offset,0,16384
disjoint_interleaved,0,16384,16384,50000095,512,5,single_merge_hash_offset,0,16384
disjoint_interleaved,-128,16256,16384,60000114,512,6,single_merge_hash_offset,-0.0078125,16384
disjoint_interleaved,0,16384,16384,70000133,512,7,single_merge_hash_offset,0,16384
disjoint_interleaved,-105,16279,16384,80000152,512,8,single_merge_hash_offset,-0.00640869140625,16384
disjoint_interleaved,0,16384,16384,90000171,512,9,single_merge_hash_offset,0,16384
disjoint_interleaved,0,16384,16384,100000190,512,10,single_merge_hash_offset,0,16384
disjoint_interleaved,0,16384,16384,110000209,512,11,single_merge_hash_offset,0,16384
disjoint_interleaved,0,16384,16384,120000228,512,12,single_merge_hash_offset,0,16384
disjoint_interleaved,0,16384,16384,130000247,512,13,single_merge_hash_offset,0,16384
disjoint_interleaved,0,16384,16384,140000266,512,14,single_merge_hash_offset,0,16384
disjoint_interleaved,-247,16137,16384,150000285,512,15,single_merge_hash_offset,-0.01507568359375,16384
disjoint_interleaved,-615,15769,16384,160000304,512,16,single_merge_hash_offset,-0.03753662109375,16384
disjoint_interleaved,0,16384,16384,170000323,512,17,single_merge_hash_offset,0,16384
disjoint_interleaved,-508,15876,16384,180000342,512,18,single_merge_hash_offset,-0.031005859375,16384
disjoint_interleaved,-63,16321,16384,190000361,512,19,single_merge_hash_offset,-0.00384521484375,16384
disjoint_interleaved,0,16384,16384,200000380,512,20,single_merge_hash_offset,0,16384
disjoint_interleaved,-793,15591,16384,210000399,512,21,single_merge_hash_offset,-0.04840087890625,16384
disjoint_interleaved,0,16384,16384,220000418,512,22,single_merge_hash_offset,0,16384
disjoint_interleaved,-316,16068,16384,230000437,512,23,single_merge_hash_offset,-0.019287109375,16384
disjoint_interleaved,0,16384,16384,240000456,512,24,single_merge_hash_offset,0,16384
disjoint_interleaved,-238,16146,16384,250000475,512,25,single_merge_hash_offset,-0.0145263671875,16384
disjoint_interleaved,0,16384,16384,260000494,512,26,single_merge_hash_offset,0,16384
disjoint_interleaved,0,16384,16384,270000513,512,27,single_merge_hash_offset,0,16384
disjoint_interleaved,-339,16045,16384,280000532,512,28,single_merge_hash_offset,-0.02069091796875,16384
disjoint_interleaved,0,16384,16384,290000551,512,29,single_merge_hash_offset,0,16384
disjoint_interleaved,0,16384,16384,300000570,512,30,single_merge_hash_offset,0,16384
disjoint_interleaved,0,16384,16384,310000589,512,31,single_merge_hash_offset,0,16384
disjoint_interleaved,0,16384,16384,0,2048,0,single_merge_hash_offset,0,16384
disjoint_interleaved,0,16384,16384,10000019,2048,1,single_merge_hash_offset,0,16384
disjoint_interleaved,-297,16087,16384,20000038,2048,2,single_merge_hash_offset,-0.01812744140625,16384
disjoint_interleaved,0,16384,16384,30000057,2048,3,single_merge_hash_offset,0,16384
disjoint_interleaved,0,16384,16384,40000076,2048,4,single_merge_hash_offset,0,16384
disjoint_interleaved,-138,16246,16384,50000095,2048,5,single_merge_hash_offset,-0.0084228515625,16384
disjoint_interleaved,-71,16313,16384,60000114,2048,6,single_merge_hash_offset,-0.00433349609375,16384
disjoint_interleaved,0,16384,16384,70000133,2048,7,single_merge_hash_offset,0,16384
disjoint_interleaved,-129,16255,16384,80000152,2048,8,single_merge_hash_offset,-0.00787353515625,16384
disjoint_interleaved,0,16384,16384,90000171,2048,9,single_merge_hash_offset,0,16384
disjoint_interleaved,0,16384,16384,100000190,2048,10,single_merge_hash_offset,0,16384
disjoint_interleaved,0,16384,16384,110000209,2048,11,single_merge_hash_offset,0,16384
disjoint_interleaved,-140,16244,16384,120000228,2048,12,single_merge_hash_offset,-0.008544921875,16384
disjoint_interleaved,0,16384,16384,130000247,2048,13,single_merge_hash_offset,0,16384
disjoint_interleaved,-35,16349,16384,140000266,2048,14,single_merge_hash_offset,-0.00213623046875,16384
disjoint_interleaved,0,16384,16384,150000285,2048,15,single_merge_hash_offset,0,16384
disjoint_interleaved,0,16384,16384,160000304,2048,16,single_merge_hash_offset,0,16384
disjoint_interleaved,0,16384,16384,170000323,2048,17,single_merge_hash_offset,0,16384
disjoint_interleaved,-120,16264,16384,180000342,2048,18,single_merge_hash_offset,-0.00732421875,16384
disjoint_interleaved,0,16384,16384,190000361,2048,19,single_merge_hash_offset,0,16384
disjoint_interleaved,0,16384,16384,200000380,2048,20,single_merge_hash_offset,0,16384
disjoint_interleaved,-107,16277,16384,210000399,2048,21,single_merge_hash_offset,-0.00653076171875,16384
disjoint_interleaved,-90,16294,16384,220000418,2048,22,single_merge_hash_offset,-0.0054931640625,16384
disjoint_interleaved,-97,16287,16384,230000437,2048,23,single_merge_hash_offset,-0.00592041015625,16384
disjoint_interleaved,0,16384,16384,240000456,2048,24,single_merge_hash_offset,0,16384
disjoint_interleaved,-21,16363,16384,250000475,2048,25,single_merge_hash_offset,-0.00128173828125,16384
disjoint_interleaved,0,16384,16384,260000494,2048,26,single_merge_hash_offset,0,16384
disjoint_interleaved,0,16384,16384,270000513,2048,27,single_merge_hash_offset,0,16384
disjoint_interleaved,0,16384,16384,280000532,2048,28,single_merge_hash_offset,0,16384
disjoint_interleaved,0,16384,16384,290000551,2048,29,single_merge_hash_offset,0,16384
disjoint_interleaved,-17,16367,16384,300000570,2048,30,single_merge_hash_offset,-0.00103759765625,16384
disjoint_interleaved,-22,16362,16384,310000589,2048,31,single_merge_hash_offset,-0.0013427734375,16384
uniform_50,126,8318,16384,0,512,0,single_merge_hash_offset,0.015380859375,8192
uniform_50,127,8319,16384,10000019,512,1,single_merge_hash_offset,0.0155029296875,8192
uniform_50,-203,7989,16384,20000038,512,2,single_merge_hash_offset,-0.0247802734375,8192
uniform_50,48,8240,16384,30000057,512,3,single_merge_hash_offset,0.005859375,8192
uniform_50,192,8384,16384,40000076,512,4,single_merge_hash_offset,0.0234375,8192
uniform_50,513,8705,16384,50000095,512,5,single_merge_hash_offset,0.0626220703125,8192
uniform_50,-127,8065,16384,60000114,512,6,single_merge_hash_offset,-0.0155029296875,8192
uniform_50,-144,8048,16384,70000133,512,7,single_merge_hash_offset,-0.017578125,8192
uniform_50,115,8307,16384,80000152,512,8,single_merge_hash_offset,0.0140380859375,8192
uniform_50,86,8278,16384,90000171,512,9,single_merge_hash_offset,0.010498046875,8192
uniform_50,89,8281,16384,100000190,512,10,single_merge_hash_offset,0.0108642578125,8192
uniform_50,-69,8123,16384,110000209,512,11,single_merge_hash_offset,-0.0084228515625,8192
uniform_50,219,8411,16384,120000228,512,12,single_merge_hash_offset,0.0267333984375,8192
uniform_50,173,8365,16384,130000247,512,13,single_merge_hash_offset,0.0211181640625,8192
uniform_50,-164,8028,16384,140000266,512,14,single_merge_hash_offset,-0.02001953125,8192
uniform_50,122,8314,16384,150000285,512,15,single_merge_hash_offset,0.014892578125,8192
uniform_50,26,8218,16384,160000304,512,16,single_merge_hash_offset,0.003173828125,8192
uniform_50,-46,8146,16384,170000323,512,17,single_merge_hash_offset,-0.005615234375,8192
uniform_50,-570,7622,16384,180000342,512,18,single_merge_hash_offset,-0.069580078125,8192
uniform_50,122,8314,16384,190000361,512,19,single_merge_hash_offset,0.014892578125,8192
uniform_50,-117,8075,16384,200000380,512,20,single_merge_hash_offset,-0.0142822265625,8192
uniform_50,-566,7626,16384,210000399,512,21,single_merge_hash_offset,-0.069091796875,8192
uniform_50,257,8449,16384,220000418,512,22,single_merge_hash_offset,0.0313720703125,8192
uniform_50,-89,8103,16384,230000437,512,23,single_merge_hash_offset,-0.0108642578125,8192
uniform_50,142,8334,16384,240000456,512,24,single_merge_hash_offset,0.017333984375,8192
uniform_50,-203,7989,16384,250000475,512,25,single_merge_hash_offset,-0.0247802734375,8192
uniform_50,89,8281,16384,260000494,512,26,single_merge_hash_offset,0.0108642578125,8192
uniform_50,200,8392,16384,270000513,512,27,single_merge_hash_offset,0.0244140625,8192
uniform_50,7,8199,16384,280000532,512,28,single_merge_hash_offset,0.0008544921875,8192
uniform_50,379,8571,16384,290000551,512,29,single_merge_hash_offset,0.0462646484375,8192
uniform_50,173,8365,16384,300000570,512,30,single_merge_hash_offset,0.0211181640625,8192
uniform_50,218,8410,16384,310000589,512,31,single_merge_hash_offset,0.026611328125,8192
uniform_50,-18,8174,16384,0,2048,0,single_merge_hash_offset,-0.002197265625,8192
uniform_50,189,8381,16384,10000019,2048,1,single_merge_hash_offset,0.0230712890625,8192
uniform_50,-168,8024,16384,20000038,2048,2,single_merge_hash_offset,-0.0205078125,8192
uniform_50,44,8236,16384,30000057,2048,3,single_merge_hash_offset,0.00537109375,8192
uniform_50,9,8201,16384,40000076,2048,4,single_merge_hash_offset,0.0010986328125,8192
uniform_50,38,8230,16384,50000095,2048,5,single_merge_hash_offset,0.004638671875,8192
uniform_50,-10,8182,16384,60000114,2048,6,single_merge_hash_offset,-0.001220703125,8192
uniform_50,82,8274,16384,70000133,2048,7,single_merge_hash_offset,0.010009765625,8192
uniform_50,-40,8152,16384,80000152,2048,8,single_merge_hash_offset,-0.0048828125,8192
uniform_50,57,8249,16384,90000171,2048,9,single_merge_hash_offset,0.0069580078125,8192
uniform_50,73,8265,16384,100000190,2048,10,single_merge_hash_offset,0.0089111328125,8192
uniform_50,159,8351,16384,110000209,2048,11,single_merge_hash_offset,0.0194091796875,8192
uniform_50,-62,8130,16384,120000228,2048,12,single_merge_hash_offset,-0.007568359375,8192
uniform_50,88,8280,16384,130000247,2048,13,single_merge_hash_offset,0.0107421875,8192
uniform_50,-80,8112,16384,140000266,2048,14,single_merge_hash_offset,-0.009765625,8192
uniform_50,-4,8188,16384,150000285,2048,15,single_merge_hash_offset,-0.00048828125,8192
uniform_50,97,8289,16384,160000304,2048,16,single_merge_hash_offset,0.0118408203125,8192
uniform_50,1,8193,16384,170000323,2048,17,single_merge_hash_offset,0.0001220703125,8192
uniform_50,-93,8099,16384,180000342,2048,18,single_merge_hash_offset,-0.0113525390625,8192
uniform_50,194,8386,16384,190000361,2048,19,single_merge_hash_offset,0.023681640625,8192
uniform_50,3,8195,16384,200000380,2048,20,single_merge_hash_offset,0.0003662109375,8192
uniform_50,-104,8088,16384,210000399,2048,21,single_merge_hash_offset,-0.0126953125,8192
uniform_50,-119,8073,16384,220000418,2048,22,single_merge_hash_offset,-0.0145263671875,8192
uniform_50,23,8215,16384,230000437,2048,23,single_merge_hash_offset,0.0028076171875,8192
uniform_50,56,8248,16384,240000456,2048,24,single_merge_hash_offset,0.0068359375,8192
uniform_50,-10,8182,16384,250000475,2048,25,single_merge_hash_offset,-0.001220703125,8192
uniform_50,86,8278,16384,260000494,2048,26,single_merge_hash_offset,0.010498046875,8192
uniform_50,127,8319,16384,270000513,2048,27,single_merge_hash_offset,0.0155029296875,8192
uniform_50,138,8330,16384,280000532,2048,28,single_merge_hash_offset,0.016845703125,8192
uniform_50,-42,8150,16384,290000551,2048,29,single_merge_hash_offset,-0.005126953125,8192
uniform_50,-28,8164,16384,300000570,2048,30,single_merge_hash_offset,-0.00341796875,8192
uniform_50,-27,8165,16384,310000589,2048,31,single_merge_hash_offset,-0.0032958984375,8192
hot_shared_core,345,8537,16384,0,512,0,single_merge_hash_offset,0.0421142578125,8192
hot_shared_core,33,8225,16384,10000019,512,1,single_merge_hash_offset,0.0040283203125,8192
hot_shared_core,-49,8143,16384,20000038,512,2,single_merge_hash_offset,-0.0059814453125,8192
hot_shared_core,-133,8059,16384,30000057,512,3,single_merge_hash_offset,-0.0162353515625,8192
hot_shared_core,229,8421,16384,40000076,512,4,single_merge_hash_offset,0.0279541015625,8192
hot_shared_core,45,8237,16384,50000095,512,5,single_merge_hash_offset,0.0054931640625,8192
hot_shared_core,93,8285,16384,60000114,512,6,single_merge_hash_offset,0.0113525390625,8192
hot_shared_core,-9,8183,16384,70000133,512,7,single_merge_hash_offset,-0.0010986328125,8192
hot_shared_core,258,8450,16384,80000152,512,8,single_merge_hash_offset,0.031494140625,8192
hot_shared_core,150,8342,16384,90000171,512,9,single_merge_hash_offset,0.018310546875,8192
hot_shared_core,-286,7906,16384,100000190,512,10,single_merge_hash_offset,-0.034912109375,8192
hot_shared_core,-295,7897,16384,110000209,512,11,single_merge_hash_offset,-0.0360107421875,8192
hot_shared_core,290,8482,16384,120000228,512,12,single_merge_hash_offset,0.035400390625,8192
hot_shared_core,177,8369,16384,130000247,512,13,single_merge_hash_offset,0.0216064453125,8192
hot_shared_core,-122,8070,16384,140000266,512,14,single_merge_hash_offset,-0.014892578125,8192
hot_shared_core,-233,7959,16384,150000285,512,15,single_merge_hash_offset,-0.0284423828125,8192
hot_shared_core,-155,8037,16384,160000304,512,16,single_merge_hash_offset,-0.0189208984375,8192
hot_shared_core,370,8562,16384,170000323,512,17,single_merge_hash_offset,0.045166015625,8192
hot_shared_core,-300,7892,16384,180000342,512,18,single_merge_hash_offset,-0.03662109375,8192
hot_shared_core,114,8306,16384,190000361,512,19,single_merge_hash_offset,0.013916015625,8192
hot_shared_core,11,8203,16384,200000380,512,20,single_merge_hash_offset,0.0013427734375,8192
hot_shared_core,97,8289,16384,210000399,512,21,single_merge_hash_offset,0.0118408203125,8192
hot_shared_core,-116,8076,16384,220000418,512,22,single_merge_hash_offset,-0.01416015625,8192
hot_shared_core,158,8350,16384,230000437,512,23,single_merge_hash_offset,0.019287109375,8192
hot_shared_core,211,8403,16384,240000456,512,24,single_merge_hash_offset,0.0257568359375,8192
hot_shared_core,-40,8152,16384,250000475,512,25,single_merge_hash_offset,-0.0048828125,8192
hot_shared_core,252,8444,16384,260000494,512,26,single_merge_hash_offset,0.03076171875,8192
hot_shared_core,56,8248,16384,270000513,512,27,single_merge_hash_offset,0.0068359375,8192
hot_shared_core,171,8363,16384,280000532,512,28,single_merge_hash_offset,0.0208740234375,8192
hot_shared_core,104,8296,16384,290000551,512,29,single_merge_hash_offset,0.0126953125,8192
hot_shared_core,214,8406,16384,300000570,512,30,single_merge_hash_offset,0.026123046875,8192
hot_shared_core,134,8326,16384,310000589,512,31,single_merge_hash_offset,0.016357421875,8192
hot_shared_core,123,8315,16384,0,2048,0,single_merge_hash_offset,0.0150146484375,8192
hot_shared_core,-25,8167,16384,10000019,2048,1,single_merge_hash_offset,-0.0030517578125,8192
hot_shared_core,-29,8163,16384,20000038,2048,2,single_merge_hash_offset,-0.0035400390625,8192
hot_shared_core,29,8221,16384,30000057,2048,3,single_merge_hash_offset,0.0035400390625,8192
hot_shared_core,95,8287,16384,40000076,2048,4,single_merge_hash_offset,0.0115966796875,8192
hot_shared_core,-54,8138,16384,50000095,2048,5,single_merge_hash_offset,-0.006591796875,8192
hot_shared_core,-52,8140,16384,60000114,2048,6,single_merge_hash_offset,-0.00634765625,8192
hot_shared_core,97,8289,16384,70000133,2048,7,single_merge_hash_offset,0.0118408203125,8192
hot_shared_core,1,8193,16384,80000152,2048,8,single_merge_hash_offset,0.0001220703125,8192
hot_shared_core,143,8335,16384,90000171,2048,9,single_merge_hash_offset,0.0174560546875,8192
hot_shared_core,49,8241,16384,100000190,2048,10,single_merge_hash_offset,0.0059814453125,8192
hot_shared_core,-29,8163,16384,110000209,2048,11,single_merge_hash_offset,-0.0035400390625,8192
hot_shared_core,-19,8173,16384,120000228,2048,12,single_merge_hash_offset,-0.0023193359375,8192
hot_shared_core,205,8397,16384,130000247,2048,13,single_merge_hash_offset,0.0250244140625,8192
hot_shared_core,120,8312,16384,140000266,2048,14,single_merge_hash_offset,0.0146484375,8192
hot_shared_core,91,8283,16384,150000285,2048,15,single_merge_hash_offset,0.0111083984375,8192
hot_shared_core,-14,8178,16384,160000304,2048,16,single_merge_hash_offset,-0.001708984375,8192
hot_shared_core,118,8310,16384,170000323,2048,17,single_merge_hash_offset,0.014404296875,8192
hot_shared_core,-112,8080,16384,180000342,2048,18,single_merge_hash_offset,-0.013671875,8192
hot_shared_core,168,8360,16384,190000361,2048,19,single_merge_hash_offset,0.0205078125,8192
hot_shared_core,6,8198,16384,200000380,2048,20,single_merge_hash_offset,0.000732421875,8192
hot_shared_core,41,8233,16384,210000399,2048,21,single_merge_hash_offset,0.0050048828125,8192
hot_shared_core,-168,8024,16384,220000418,2048,22,single_merge_hash_offset,-0.0205078125,8192
hot_shared_core,20,8212,16384,230000437,2048,23,single_merge_hash_offset,0.00244140625,8192
hot_shared_core,28,8220,16384,240000456,2048,24,single_merge_hash_offset,0.00341796875,8192
hot_shared_core,-6,8186,16384,250000475,2048,25,single_merge_hash_offset,-0.000732421875,8192
hot_shared_core,-60,8132,16384,260000494,2048,26,single_merge_hash_offset,-0.00732421875,8192
hot_shared_core,197,8389,16384,270000513,2048,27,single_merge_hash_offset,0.0240478515625,8192
hot_shared_core,88,8280,16384,280000532,2048,28,single_merge_hash_offset,0.0107421875,8192
hot_shared_core,-118,8074,16384,290000551,2048,29,single_merge_hash_offset,-0.014404296875,8192
hot_shared_core,-5,8187,16384,300000570,2048,30,single_merge_hash_offset,-0.0006103515625,8192
hot_shared_core,-124,8068,16384,310000589,2048,31,single_merge_hash_offset,-0.01513671875,8192
gapped_50,-8,8184,16384,0,512,0,single_merge_hash_offset,-0.0009765625,8192
gapped_50,121,8313,16384,10000019,512,1,single_merge_hash_offset,0.0147705078125,8192
gapped_50,-46,8146,16384,20000038,512,2,single_merge_hash_offset,-0.005615234375,8192
gapped_50,-272,7920,16384,30000057,512,3,single_merge_hash_offset,-0.033203125,8192
gapped_50,-153,8039,16384,40000076,512,4,single_merge_hash_offset,-0.0186767578125,8192
gapped_50,280,8472,16384,50000095,512,5,single_merge_hash_offset,0.0341796875,8192
gapped_50,-66,8126,16384,60000114,512,6,single_merge_hash_offset,-0.008056640625,8192
gapped_50,-327,7865,16384,70000133,512,7,single_merge_hash_offset,-0.0399169921875,8192
gapped_50,8,8200,16384,80000152,512,8,single_merge_hash_offset,0.0009765625,8192
gapped_50,-206,7986,16384,90000171,512,9,single_merge_hash_offset,-0.025146484375,8192
gapped_50,-225,7967,16384,100000190,512,10,single_merge_hash_offset,-0.0274658203125,8192
gapped_50,-558,7634,16384,110000209,512,11,single_merge_hash_offset,-0.068115234375,8192
gapped_50,318,8510,16384,120000228,512,12,single_merge_hash_offset,0.038818359375,8192
gapped_50,292,8484,16384,130000247,512,13,single_merge_hash_offset,0.03564453125,8192
gapped_50,163,8355,16384,140000266,512,14,single_merge_hash_offset,0.0198974609375,8192
gapped_50,-368,7824,16384,150000285,512,15,single_merge_hash_offset,-0.044921875,8192
gapped_50,5,8197,16384,160000304,512,16,single_merge_hash_offset,0.0006103515625,8192
gapped_50,100,8292,16384,170000323,512,17,single_merge_hash_offset,0.01220703125,8192
gapped_50,-397,7795,16384,180000342,512,18,single_merge_hash_offset,-0.0484619140625,8192
gapped_50,-40,8152,16384,190000361,512,19,single_merge_hash_offset,-0.0048828125,8192
gapped_50,45,8237,16384,200000380,512,20,single_merge_hash_offset,0.0054931640625,8192
gapped_50,-24,8168,16384,210000399,512,21,single_merge_hash_offset,-0.0029296875,8192
gapped_50,107,8299,16384,220000418,512,22,single_merge_hash_offset,0.0130615234375,8192
gapped_50,-125,8067,16384,230000437,512,23,single_merge_hash_offset,-0.0152587890625,8192
gapped_50,-77,8115,16384,240000456,512,24,single_merge_hash_offset,-0.0093994140625,8192
gapped_50,128,8320,16384,250000475,512,25,single_merge_hash_offset,0.015625,8192
gapped_50,424,8616,16384,260000494,512,26,single_merge_hash_offset,0.0517578125,8192
gapped_50,-78,8114,16384,270000513,512,27,single_merge_hash_offset,-0.009521484375,8192
gapped_50,-79,8113,16384,280000532,512,28,single_merge_hash_offset,-0.0096435546875,8192
gapped_50,-272,7920,16384,290000551,512,29,single_merge_hash_offset,-0.033203125,8192
gapped_50,-131,8061,16384,300000570,512,30,single_merge_hash_offset,-0.0159912109375,8192
gapped_50,-188,8004,16384,310000589,512,31,single_merge_hash_offset,-0.02294921875,8192
gapped_50,-44,8148,16384,0,2048,0,single_merge_hash_offset,-0.00537109375,8192
gapped_50,6,8198,16384,10000019,2048,1,single_merge_hash_offset,0.000732421875,8192
gapped_50,19,8211,16384,20000038,2048,2,single_merge_hash_offset,0.0023193359375,8192
gapped_50,-90,8102,16384,30000057,2048,3,single_merge_hash_offset,-0.010986328125,8192
gapped_50,-120,8072,16384,40000076,2048,4,single_merge_hash_offset,-0.0146484375,8192
gapped_50,-90,8102,16384,50000095,2048,5,single_merge_hash_offset,-0.010986328125,8192
gapped_50,98,8290,16384,60000114,2048,6,single_merge_hash_offset,0.011962890625,8192
gapped_50,-43,8149,16384,70000133,2048,7,single_merge_hash_offset,-0.0052490234375,8192
gapped_50,21,8213,16384,80000152,2048,8,single_merge_hash_offset,0.0025634765625,8192
gapped_50,13,8205,16384,90000171,2048,9,single_merge_hash_offset,0.0015869140625,8192
gapped_50,-73,8119,16384,100000190,2048,10,single_merge_hash_offset,-0.0089111328125,8192
gapped_50,-124,8068,16384,110000209,2048,11,single_merge_hash_offset,-0.01513671875,8192
gapped_50,-59,8133,16384,120000228,2048,12,single_merge_hash_offset,-0.0072021484375,8192
gapped_50,49,8241,16384,130000247,2048,13,single_merge_hash_offset,0.0059814453125,8192
gapped_50,9,8201,16384,140000266,2048,14,single_merge_hash_offset,0.0010986328125,8192
gapped_50,43,8235,16384,150000285,2048,15,single_merge_hash_offset,0.0052490234375,8192
gapped_50,28,8220,16384,160000304,2048,16,single_merge_hash_offset,0.00341796875,8192
gapped_50,-37,8155,16384,170000323,2048,17,single_merge_hash_offset,-0.0045166015625,8192
gapped_50,8,8200,16384,180000342,2048,18,single_merge_hash_offset,0.0009765625,8192
gapped_50,-14,8178,16384,190000361,2048,19,single_merge_hash_offset,-0.001708984375,8192
gapped_50,-4,8188,16384,200000380,2048,20,single_merge_hash_offset,-0.00048828125,8192
gapped_50,62,8254,16384,210000399,2048,21,single_merge_hash_offset,0.007568359375,8192
gapped_50,-60,8132,16384,220000418,2048,22,single_merge_hash_offset,-0.00732421875,8192
gapped_50,-62,8130,16384,230000437,2048,23,single_merge_hash_offset,-0.007568359375,8192
gapped_50,66,8258,16384,240000456,2048,24,single_merge_hash_offset,0.008056640625,8192
gapped_50,156,8348,16384,250000475,2048,25,single_merge_hash_offset,0.01904296875,8192
gapped_50,-91,8101,16384,260000494,2048,26,single_merge_hash_offset,-0.0111083984375,8192
gapped_50,-35,8157,16384,270000513,2048,27,single_merge_hash_offset,-0.0042724609375,8192
gapped_50,82,8274,16384,280000532,2048,28,single_merge_hash_offset,0.010009765625,8192
gapped_50,-80,8112,16384,290000551,2048,29,single_merge_hash_offset,-0.009765625,8192
gapped_50,-66,8126,16384,300000570,2048,30,single_merge_hash_offset,-0.008056640625,8192
gapped_50,-28,8164,16384,310000589,2048,31,single_merge_hash_offset,-0.00341796875,8192
