bundle_path	original_path	bytes	sha256	status
figure_assets/paper/figs/bg_alternative_lookup_work.tex	paper/figs/bg_alternative_lookup_work.tex	3831	8f745fc27ebfb70037473c76ee3588980496bfabe2a1fe84f6c077a7def45ee4	copied
figure_assets/paper/figs/bg_alternative_lookup_hits.tex	paper/figs/bg_alternative_lookup_hits.tex	2222	05021a02079ea47127cff9b65a43baae74d2302b8ec0a308d110af421b08c09b	copied
figure_assets/paper/figs/bg_alternative_read_throughput.tex	paper/figs/bg_alternative_read_throughput.tex	5338	24b21d219f1e474dedf303b79838e42230253beec59a1cb138e4b4b10117a5a2	copied
source_data/vcomp/experiments/results/paper_figure4_uniform_read_cache_5m_single.tsv	vcomp/experiments/results/paper_figure4_uniform_read_cache_5m_single.tsv	14956	643ae866de705aa68a7fdbe666703abbf0ec5223578eceb65818366e2fe2d31a	copied
source_data/vcomp/experiments/artifacts/log_loads/paper_figure4_read_db_matrix.tsv	vcomp/experiments/artifacts/log_loads/paper_figure4_read_db_matrix.tsv	2171	e45824db54bdb7d6e0335f9d1ff93db05f70187d6bd50f54b8c237a6a40e9e6f	copied
source_data/vcomp/experiments/artifacts/log_loads/paper_figure4_read_baseline_matrix.tsv	vcomp/experiments/artifacts/log_loads/paper_figure4_read_baseline_matrix.tsv	507	afed880251ea755f64232f360a2271958ab31d464b6bc3b2563333208e0081e5	copied
source_logs/vcomp/experiments/artifacts/log_runs/paper_figure4_uniform_read_cache_260904_1115_uniform_cache_5m/A_cache_zero/f2load/figure4_f2load/workloadc/raw/diskstats.end	vcomp/experiments/artifacts/log_runs/paper_figure4_uniform_read_cache_260904_1115_uniform_cache_5m/A_cache_zero/f2load/figure4_f2load/workloadc/raw/diskstats.end	6149	a66310cab3e92b97ad30b06bfc64b54547d73a370f6abefd863f0ec985b53c0e	copied
source_logs/vcomp/experiments/artifacts/log_runs/paper_figure4_uniform_read_cache_260904_1115_uniform_cache_5m/A_cache_zero/f2load/figure4_f2load/workloadc/raw/diskstats.start	vcomp/experiments/artifacts/log_runs/paper_figure4_uniform_read_cache_260904_1115_uniform_cache_5m/A_cache_zero/f2load/figure4_f2load/workloadc/raw/diskstats.start	6149	388e7ee00c8a479aefb077f498495c772393299ca1ed4ed22811203bf3df0abd	copied
source_logs/vcomp/experiments/artifacts/log_runs/paper_figure4_uniform_read_cache_260904_1115_uniform_cache_5m/A_cache_zero/f2load/figure4_f2load/workloadc/raw/run_cmd.sh	vcomp/experiments/artifacts/log_runs/paper_figure4_uniform_read_cache_260904_1115_uniform_cache_5m/A_cache_zero/f2load/figure4_f2load/workloadc/raw/run_cmd.sh	1067	0f383a481a98c39c33c220fa0cc6625fe3d92ba18ec60cf6c206975b8f5c639e	copied
source_logs/vcomp/experiments/artifacts/log_runs/paper_figure4_uniform_read_cache_260904_1115_uniform_cache_5m/A_cache_zero/f2load/figure4_f2load/workloadc/raw/time.out	vcomp/experiments/artifacts/log_runs/paper_figure4_uniform_read_cache_260904_1115_uniform_cache_5m/A_cache_zero/f2load/figure4_f2load/workloadc/raw/time.out	1795	6c0c94b5eaebce7a997a8336eeb873381821c8bda9447875efc8738b814dd472	copied
source_logs/vcomp/experiments/artifacts/log_runs/paper_figure4_uniform_read_cache_260904_1115_uniform_cache_5m/A_cache_zero/f2load/figure4_f2load/workloadc/report.rep	vcomp/experiments/artifacts/log_runs/paper_figure4_uniform_read_cache_260904_1115_uniform_cache_5m/A_cache_zero/f2load/figure4_f2load/workloadc/report.rep	347	3c8bf37d7db16ce8b48e0caaa0a646db44d9b637a4a3e4a8f0ec31fea4e29dbb	copied
source_logs/vcomp/experiments/artifacts/log_runs/paper_figure4_uniform_read_cache_260904_1115_uniform_cache_5m/A_cache_zero/f2load/figure4_f2load/workloadc/stderr.txt	vcomp/experiments/artifacts/log_runs/paper_figure4_uniform_read_cache_260904_1115_uniform_cache_5m/A_cache_zero/f2load/figure4_f2load/workloadc/stderr.txt	122669	aaabd29a3919f419d98e4a199e46deac85b6df8d92b39b9d3c25df9f710d5538	copied
source_logs/vcomp/experiments/artifacts/log_runs/paper_figure4_uniform_read_cache_260904_1115_uniform_cache_5m/A_cache_zero/f2load/figure4_f2load/workloadc/stdout.txt	vcomp/experiments/artifacts/log_runs/paper_figure4_uniform_read_cache_260904_1115_uniform_cache_5m/A_cache_zero/f2load/figure4_f2load/workloadc/stdout.txt	31337	2fda3cbe3c8da36f5d02dab1d687b61ddd6727cbd0a2581a61c43667f5b9a95f	copied
source_logs/vcomp/experiments/artifacts/log_runs/paper_figure4_uniform_read_cache_260904_1115_uniform_cache_5m/A_cache_zero/fillseq/figure4_fillseq/workloadc/raw/diskstats.end	vcomp/experiments/artifacts/log_runs/paper_figure4_uniform_read_cache_260904_1115_uniform_cache_5m/A_cache_zero/fillseq/figure4_fillseq/workloadc/raw/diskstats.end	6149	f6ed017ad65bf1330751bae6ec36780070723eb3aa25a51bb21dfd68a492c5a5	copied
source_logs/vcomp/experiments/artifacts/log_runs/paper_figure4_uniform_read_cache_260904_1115_uniform_cache_5m/A_cache_zero/fillseq/figure4_fillseq/workloadc/raw/diskstats.start	vcomp/experiments/artifacts/log_runs/paper_figure4_uniform_read_cache_260904_1115_uniform_cache_5m/A_cache_zero/fillseq/figure4_fillseq/workloadc/raw/diskstats.start	6149	393c99466d4f446bb90444a1b1b7edd03f001c6ec94a8ad69fa150d9dd612eb3	copied
source_logs/vcomp/experiments/artifacts/log_runs/paper_figure4_uniform_read_cache_260904_1115_uniform_cache_5m/A_cache_zero/fillseq/figure4_fillseq/workloadc/raw/run_cmd.sh	vcomp/experiments/artifacts/log_runs/paper_figure4_uniform_read_cache_260904_1115_uniform_cache_5m/A_cache_zero/fillseq/figure4_fillseq/workloadc/raw/run_cmd.sh	1071	42785587a38d2d54978abd2d82b5e7ac601cafe884f88bbdbcd537587de9ba61	copied
source_logs/vcomp/experiments/artifacts/log_runs/paper_figure4_uniform_read_cache_260904_1115_uniform_cache_5m/A_cache_zero/fillseq/figure4_fillseq/workloadc/raw/time.out	vcomp/experiments/artifacts/log_runs/paper_figure4_uniform_read_cache_260904_1115_uniform_cache_5m/A_cache_zero/fillseq/figure4_fillseq/workloadc/raw/time.out	1799	2a0d32abd138cbcbfb1396ffb527b662e94dc15ffc16c4ce7584ce9c119020e5	copied
source_logs/vcomp/experiments/artifacts/log_runs/paper_figure4_uniform_read_cache_260904_1115_uniform_cache_5m/A_cache_zero/fillseq/figure4_fillseq/workloadc/report.rep	vcomp/experiments/artifacts/log_runs/paper_figure4_uniform_read_cache_260904_1115_uniform_cache_5m/A_cache_zero/fillseq/figure4_fillseq/workloadc/report.rep	377	bb584ff930b39b9d345496cadb3b1d74a4e0cd7408da247b1e2df682e1ed6c23	copied
source_logs/vcomp/experiments/artifacts/log_runs/paper_figure4_uniform_read_cache_260904_1115_uniform_cache_5m/A_cache_zero/fillseq/figure4_fillseq/workloadc/stderr.txt	vcomp/experiments/artifacts/log_runs/paper_figure4_uniform_read_cache_260904_1115_uniform_cache_5m/A_cache_zero/fillseq/figure4_fillseq/workloadc/stderr.txt	117707	883cedc4ec61ba4b7b5f4a1d894ad8a88500e155710a86389d019cc22e756bb0	copied
source_logs/vcomp/experiments/artifacts/log_runs/paper_figure4_uniform_read_cache_260904_1115_uniform_cache_5m/A_cache_zero/fillseq/figure4_fillseq/workloadc/stdout.txt	vcomp/experiments/artifacts/log_runs/paper_figure4_uniform_read_cache_260904_1115_uniform_cache_5m/A_cache_zero/fillseq/figure4_fillseq/workloadc/stdout.txt	30629	471a8c62df59a1d5017682e55acdf5b84b8a0113a5c1058d9b8ade37ec16ba2b	copied
source_logs/vcomp/experiments/artifacts/log_runs/paper_figure4_uniform_read_cache_260904_1115_uniform_cache_5m/A_cache_zero/fillseq_ow/figure4_fillseq_ow/workloadc/raw/diskstats.end	vcomp/experiments/artifacts/log_runs/paper_figure4_uniform_read_cache_260904_1115_uniform_cache_5m/A_cache_zero/fillseq_ow/figure4_fillseq_ow/workloadc/raw/diskstats.end	6149	2d2df961fd9aadc3769f68546d13efaa83193ebf1f2a59efd38c3f64aff3211c	copied
source_logs/vcomp/experiments/artifacts/log_runs/paper_figure4_uniform_read_cache_260904_1115_uniform_cache_5m/A_cache_zero/fillseq_ow/figure4_fillseq_ow/workloadc/raw/diskstats.start	vcomp/experiments/artifacts/log_runs/paper_figure4_uniform_read_cache_260904_1115_uniform_cache_5m/A_cache_zero/fillseq_ow/figure4_fillseq_ow/workloadc/raw/diskstats.start	6149	2121a8d1fcbfb2d198af28c7efdba0959a2c96ed10e01135d008df1591f62191	copied
source_logs/vcomp/experiments/artifacts/log_runs/paper_figure4_uniform_read_cache_260904_1115_uniform_cache_5m/A_cache_zero/fillseq_ow/figure4_fillseq_ow/workloadc/raw/run_cmd.sh	vcomp/experiments/artifacts/log_runs/paper_figure4_uniform_read_cache_260904_1115_uniform_cache_5m/A_cache_zero/fillseq_ow/figure4_fillseq_ow/workloadc/raw/run_cmd.sh	1083	56889976e9caf221372fbbdf060f1dbba9c7186218f0abc1fb5096fdad4245f3	copied
source_logs/vcomp/experiments/artifacts/log_runs/paper_figure4_uniform_read_cache_260904_1115_uniform_cache_5m/A_cache_zero/fillseq_ow/figure4_fillseq_ow/workloadc/raw/time.out	vcomp/experiments/artifacts/log_runs/paper_figure4_uniform_read_cache_260904_1115_uniform_cache_5m/A_cache_zero/fillseq_ow/figure4_fillseq_ow/workloadc/raw/time.out	1811	e7b8c522e8fac2d945540973c29895825398853d0f01a7710d9d3ecbf1cb9ab9	copied
source_logs/vcomp/experiments/artifacts/log_runs/paper_figure4_uniform_read_cache_260904_1115_uniform_cache_5m/A_cache_zero/fillseq_ow/figure4_fillseq_ow/workloadc/report.rep	vcomp/experiments/artifacts/log_runs/paper_figure4_uniform_read_cache_260904_1115_uniform_cache_5m/A_cache_zero/fillseq_ow/figure4_fillseq_ow/workloadc/report.rep	347	21c87865631e6c1eff7c92617a90a72442912a72939587794f4be521e7e82fa3	copied
source_logs/vcomp/experiments/artifacts/log_runs/paper_figure4_uniform_read_cache_260904_1115_uniform_cache_5m/A_cache_zero/fillseq_ow/figure4_fillseq_ow/workloadc/stderr.txt	vcomp/experiments/artifacts/log_runs/paper_figure4_uniform_read_cache_260904_1115_uniform_cache_5m/A_cache_zero/fillseq_ow/figure4_fillseq_ow/workloadc/stderr.txt	124319	e3145b1a3dd224b7a748a74ba62167dc968f1a90ee7ecefb61109eee39643bc3	copied
source_logs/vcomp/experiments/artifacts/log_runs/paper_figure4_uniform_read_cache_260904_1115_uniform_cache_5m/A_cache_zero/fillseq_ow/figure4_fillseq_ow/workloadc/stdout.txt	vcomp/experiments/artifacts/log_runs/paper_figure4_uniform_read_cache_260904_1115_uniform_cache_5m/A_cache_zero/fillseq_ow/figure4_fillseq_ow/workloadc/stdout.txt	31278	93a90493d5858a7f85c6c96173f9134f82ec3cffc075b83b9d56b9bd54d024de	copied
source_logs/vcomp/experiments/artifacts/log_runs/paper_figure4_uniform_read_cache_260904_1115_uniform_cache_5m/A_cache_zero/flush_only/figure4_flush_only/workloadc/raw/diskstats.end	vcomp/experiments/artifacts/log_runs/paper_figure4_uniform_read_cache_260904_1115_uniform_cache_5m/A_cache_zero/flush_only/figure4_flush_only/workloadc/raw/diskstats.end	6149	03a4a1c44fb3e1923944887f4a74f571daaf76dbde7e9efaf7085a9a50cc7437	copied
source_logs/vcomp/experiments/artifacts/log_runs/paper_figure4_uniform_read_cache_260904_1115_uniform_cache_5m/A_cache_zero/flush_only/figure4_flush_only/workloadc/raw/diskstats.start	vcomp/experiments/artifacts/log_runs/paper_figure4_uniform_read_cache_260904_1115_uniform_cache_5m/A_cache_zero/flush_only/figure4_flush_only/workloadc/raw/diskstats.start	6149	613f028f2a779a0b2d392210201566f664744a254cbd4c4714d706e31005ef5d	copied
source_logs/vcomp/experiments/artifacts/log_runs/paper_figure4_uniform_read_cache_260904_1115_uniform_cache_5m/A_cache_zero/flush_only/figure4_flush_only/workloadc/raw/run_cmd.sh	vcomp/experiments/artifacts/log_runs/paper_figure4_uniform_read_cache_260904_1115_uniform_cache_5m/A_cache_zero/flush_only/figure4_flush_only/workloadc/raw/run_cmd.sh	1083	388f845eae8b9947b7e8d108772957f1dd61b41c693ee2706bf30c16c71a3cbb	copied
source_logs/vcomp/experiments/artifacts/log_runs/paper_figure4_uniform_read_cache_260904_1115_uniform_cache_5m/A_cache_zero/flush_only/figure4_flush_only/workloadc/raw/time.out	vcomp/experiments/artifacts/log_runs/paper_figure4_uniform_read_cache_260904_1115_uniform_cache_5m/A_cache_zero/flush_only/figure4_flush_only/workloadc/raw/time.out	1810	d7b68ce54fdefa45bf55917a61c16d329b0f833ba63883fce404013c77e50dd5	copied
source_logs/vcomp/experiments/artifacts/log_runs/paper_figure4_uniform_read_cache_260904_1115_uniform_cache_5m/A_cache_zero/flush_only/figure4_flush_only/workloadc/report.rep	vcomp/experiments/artifacts/log_runs/paper_figure4_uniform_read_cache_260904_1115_uniform_cache_5m/A_cache_zero/flush_only/figure4_flush_only/workloadc/report.rep	257	d2387cea9fa1e18166ea0a29becb555990bc258aecc3d67d09cdf4d305c5cc2e	copied
source_logs/vcomp/experiments/artifacts/log_runs/paper_figure4_uniform_read_cache_260904_1115_uniform_cache_5m/A_cache_zero/flush_only/figure4_flush_only/workloadc/stderr.txt	vcomp/experiments/artifacts/log_runs/paper_figure4_uniform_read_cache_260904_1115_uniform_cache_5m/A_cache_zero/flush_only/figure4_flush_only/workloadc/stderr.txt	145	4892c56db7c106f6e64b26e049f9552851bae413cbc48dbb5c8a76edcde4c7dc	copied
source_logs/vcomp/experiments/artifacts/log_runs/paper_figure4_uniform_read_cache_260904_1115_uniform_cache_5m/A_cache_zero/flush_only/figure4_flush_only/workloadc/stdout.txt	vcomp/experiments/artifacts/log_runs/paper_figure4_uniform_read_cache_260904_1115_uniform_cache_5m/A_cache_zero/flush_only/figure4_flush_only/workloadc/stdout.txt	27172	2cf703707030eafd2aa6f3543bdac117c3e82426e8d9f695839dbce30c7c2836	copied
source_logs/vcomp/experiments/artifacts/log_runs/paper_figure4_uniform_read_cache_260904_1115_uniform_cache_5m/A_cache_zero/last_comp/figure4_last_comp/workloadc/raw/diskstats.end	vcomp/experiments/artifacts/log_runs/paper_figure4_uniform_read_cache_260904_1115_uniform_cache_5m/A_cache_zero/last_comp/figure4_last_comp/workloadc/raw/diskstats.end	6149	3b19b80046e8b32401105593c5698369176f4e2150290777a6e67c0e18d57fe3	copied
source_logs/vcomp/experiments/artifacts/log_runs/paper_figure4_uniform_read_cache_260904_1115_uniform_cache_5m/A_cache_zero/last_comp/figure4_last_comp/workloadc/raw/diskstats.start	vcomp/experiments/artifacts/log_runs/paper_figure4_uniform_read_cache_260904_1115_uniform_cache_5m/A_cache_zero/last_comp/figure4_last_comp/workloadc/raw/diskstats.start	6149	facd8cd4a2f37c4e1736557a99d955438d05c7c9ab228247d27d1dd3d51acda1	copied
source_logs/vcomp/experiments/artifacts/log_runs/paper_figure4_uniform_read_cache_260904_1115_uniform_cache_5m/A_cache_zero/last_comp/figure4_last_comp/workloadc/raw/run_cmd.sh	vcomp/experiments/artifacts/log_runs/paper_figure4_uniform_read_cache_260904_1115_uniform_cache_5m/A_cache_zero/last_comp/figure4_last_comp/workloadc/raw/run_cmd.sh	1079	ad4acdf65f3ce4acbae583f4bf6ffb858e1bfdd05cae32cf8cc7e517d843be62	copied
source_logs/vcomp/experiments/artifacts/log_runs/paper_figure4_uniform_read_cache_260904_1115_uniform_cache_5m/A_cache_zero/last_comp/figure4_last_comp/workloadc/raw/time.out	vcomp/experiments/artifacts/log_runs/paper_figure4_uniform_read_cache_260904_1115_uniform_cache_5m/A_cache_zero/last_comp/figure4_last_comp/workloadc/raw/time.out	1806	0a9436507285a4e97753ef191e2d37a0012b395f0e5ae9a75ebd04fbdfe72a92	copied
source_logs/vcomp/experiments/artifacts/log_runs/paper_figure4_uniform_read_cache_260904_1115_uniform_cache_5m/A_cache_zero/last_comp/figure4_last_comp/workloadc/report.rep	vcomp/experiments/artifacts/log_runs/paper_figure4_uniform_read_cache_260904_1115_uniform_cache_5m/A_cache_zero/last_comp/figure4_last_comp/workloadc/report.rep	377	bf28027ab9bd9dc9210f3bc010725051e2c5a98106bf56f5782f92d54f4fe945	copied
source_logs/vcomp/experiments/artifacts/log_runs/paper_figure4_uniform_read_cache_260904_1115_uniform_cache_5m/A_cache_zero/last_comp/figure4_last_comp/workloadc/stderr.txt	vcomp/experiments/artifacts/log_runs/paper_figure4_uniform_read_cache_260904_1115_uniform_cache_5m/A_cache_zero/last_comp/figure4_last_comp/workloadc/stderr.txt	89475	fab051cd2cc5902517b8ea4531b70cd581769f6195ecc733d6fda16e7b72c88d	copied
source_logs/vcomp/experiments/artifacts/log_runs/paper_figure4_uniform_read_cache_260904_1115_uniform_cache_5m/A_cache_zero/last_comp/figure4_last_comp/workloadc/stdout.txt	vcomp/experiments/artifacts/log_runs/paper_figure4_uniform_read_cache_260904_1115_uniform_cache_5m/A_cache_zero/last_comp/figure4_last_comp/workloadc/stdout.txt	27474	808da18803ac8a5afad65af84544c5f12d874600f2d858768e91f86e92bb180d	copied
source_logs/vcomp/experiments/artifacts/log_runs/paper_figure4_uniform_read_cache_260904_1115_uniform_cache_5m/A_cache_zero/q3_read_summary.tsv	vcomp/experiments/artifacts/log_runs/paper_figure4_uniform_read_cache_260904_1115_uniform_cache_5m/A_cache_zero/q3_read_summary.tsv	3850	3f5df81e7b263e14edcbe27749eb475be94d20ec8863cc381b16070c35efe8eb	copied
source_logs/vcomp/experiments/artifacts/log_runs/paper_figure4_uniform_read_cache_260904_1115_uniform_cache_5m/A_cache_zero/run.log	vcomp/experiments/artifacts/log_runs/paper_figure4_uniform_read_cache_260904_1115_uniform_cache_5m/A_cache_zero/run.log	3124	9f67821eac114c4f689682b883a6687624f75a82a5569f680a342ed15d0c6d38	copied
source_logs/vcomp/experiments/artifacts/log_runs/paper_figure4_uniform_read_cache_260904_1115_uniform_cache_5m/B_cache_5pct/f2load/figure4_f2load/workloadc/raw/diskstats.end	vcomp/experiments/artifacts/log_runs/paper_figure4_uniform_read_cache_260904_1115_uniform_cache_5m/B_cache_5pct/f2load/figure4_f2load/workloadc/raw/diskstats.end	6149	753cdc7b874d0f9fcf8e0dab32fafd0c0b322dc2e5bcf938fb5c2ce71ce385d6	copied
source_logs/vcomp/experiments/artifacts/log_runs/paper_figure4_uniform_read_cache_260904_1115_uniform_cache_5m/B_cache_5pct/f2load/figure4_f2load/workloadc/raw/diskstats.start	vcomp/experiments/artifacts/log_runs/paper_figure4_uniform_read_cache_260904_1115_uniform_cache_5m/B_cache_5pct/f2load/figure4_f2load/workloadc/raw/diskstats.start	6149	02c249e801f5b1a9a0e4503275cdd107f624974637a8df70a050b02d04a75922	copied
source_logs/vcomp/experiments/artifacts/log_runs/paper_figure4_uniform_read_cache_260904_1115_uniform_cache_5m/B_cache_5pct/f2load/figure4_f2load/workloadc/raw/run_cmd.sh	vcomp/experiments/artifacts/log_runs/paper_figure4_uniform_read_cache_260904_1115_uniform_cache_5m/B_cache_5pct/f2load/figure4_f2load/workloadc/raw/run_cmd.sh	1077	28387bb081fcfaee9984f034707f26cf42c2b3258e2e26531e329a89f3380ce1	copied
source_logs/vcomp/experiments/artifacts/log_runs/paper_figure4_uniform_read_cache_260904_1115_uniform_cache_5m/B_cache_5pct/f2load/figure4_f2load/workloadc/raw/time.out	vcomp/experiments/artifacts/log_runs/paper_figure4_uniform_read_cache_260904_1115_uniform_cache_5m/B_cache_5pct/f2load/figure4_f2load/workloadc/raw/time.out	1806	7d36ef166600a7802c5223337b6d3edb95e1753e440980c5c474a5d8ced84a1e	copied
source_logs/vcomp/experiments/artifacts/log_runs/paper_figure4_uniform_read_cache_260904_1115_uniform_cache_5m/B_cache_5pct/f2load/figure4_f2load/workloadc/report.rep	vcomp/experiments/artifacts/log_runs/paper_figure4_uniform_read_cache_260904_1115_uniform_cache_5m/B_cache_5pct/f2load/figure4_f2load/workloadc/report.rep	377	36a6480850225d04677426aa8f9bae7e79785620df3172e6ba41026bd28a71f6	copied
source_logs/vcomp/experiments/artifacts/log_runs/paper_figure4_uniform_read_cache_260904_1115_uniform_cache_5m/B_cache_5pct/f2load/figure4_f2load/workloadc/stderr.txt	vcomp/experiments/artifacts/log_runs/paper_figure4_uniform_read_cache_260904_1115_uniform_cache_5m/B_cache_5pct/f2load/figure4_f2load/workloadc/stderr.txt	124423	a7e36198b8bc5d153dd1915627e53d8b03ba5713633d0edd063cf80dae8c646b	copied
source_logs/vcomp/experiments/artifacts/log_runs/paper_figure4_uniform_read_cache_260904_1115_uniform_cache_5m/B_cache_5pct/f2load/figure4_f2load/workloadc/stdout.txt	vcomp/experiments/artifacts/log_runs/paper_figure4_uniform_read_cache_260904_1115_uniform_cache_5m/B_cache_5pct/f2load/figure4_f2load/workloadc/stdout.txt	31823	bd7dcddfa953d4a3b9ae39b437e66f414a44d95659f896d02557fc38682e8792	copied
source_logs/vcomp/experiments/artifacts/log_runs/paper_figure4_uniform_read_cache_260904_1115_uniform_cache_5m/B_cache_5pct/fillseq/figure4_fillseq/workloadc/raw/diskstats.end	vcomp/experiments/artifacts/log_runs/paper_figure4_uniform_read_cache_260904_1115_uniform_cache_5m/B_cache_5pct/fillseq/figure4_fillseq/workloadc/raw/diskstats.end	6149	6dc9749011cbacf0c7983c6c08a26fe3c07a063a9a6657130ff13982e6bd1875	copied
source_logs/vcomp/experiments/artifacts/log_runs/paper_figure4_uniform_read_cache_260904_1115_uniform_cache_5m/B_cache_5pct/fillseq/figure4_fillseq/workloadc/raw/diskstats.start	vcomp/experiments/artifacts/log_runs/paper_figure4_uniform_read_cache_260904_1115_uniform_cache_5m/B_cache_5pct/fillseq/figure4_fillseq/workloadc/raw/diskstats.start	6149	6e4e6c64795b8f04e3e0a991e6bdef595b92e0f7fc8d0aff5ef3dd124ab938b7	copied
source_logs/vcomp/experiments/artifacts/log_runs/paper_figure4_uniform_read_cache_260904_1115_uniform_cache_5m/B_cache_5pct/fillseq/figure4_fillseq/workloadc/raw/run_cmd.sh	vcomp/experiments/artifacts/log_runs/paper_figure4_uniform_read_cache_260904_1115_uniform_cache_5m/B_cache_5pct/fillseq/figure4_fillseq/workloadc/raw/run_cmd.sh	1081	700b82ffec3d79b2f91c18e60450aef7393c30cf11594c7f441e06b67ed7cefa	copied
source_logs/vcomp/experiments/artifacts/log_runs/paper_figure4_uniform_read_cache_260904_1115_uniform_cache_5m/B_cache_5pct/fillseq/figure4_fillseq/workloadc/raw/time.out	vcomp/experiments/artifacts/log_runs/paper_figure4_uniform_read_cache_260904_1115_uniform_cache_5m/B_cache_5pct/fillseq/figure4_fillseq/workloadc/raw/time.out	1810	3dea09eba566524e0af6778b31c9aa629a95339c0c500cd4f4bc7d9d41fde265	copied
source_logs/vcomp/experiments/artifacts/log_runs/paper_figure4_uniform_read_cache_260904_1115_uniform_cache_5m/B_cache_5pct/fillseq/figure4_fillseq/workloadc/report.rep	vcomp/experiments/artifacts/log_runs/paper_figure4_uniform_read_cache_260904_1115_uniform_cache_5m/B_cache_5pct/fillseq/figure4_fillseq/workloadc/report.rep	377	4ec98b337b43b3e130e284080abb2a6394081e63289463edab95763a9f9148e6	copied
source_logs/vcomp/experiments/artifacts/log_runs/paper_figure4_uniform_read_cache_260904_1115_uniform_cache_5m/B_cache_5pct/fillseq/figure4_fillseq/workloadc/stderr.txt	vcomp/experiments/artifacts/log_runs/paper_figure4_uniform_read_cache_260904_1115_uniform_cache_5m/B_cache_5pct/fillseq/figure4_fillseq/workloadc/stderr.txt	122045	aee4a8f2f01898b25becf99536afb6c9216b2cfa17aa6c7a1127415cd2c17d2d	copied
source_logs/vcomp/experiments/artifacts/log_runs/paper_figure4_uniform_read_cache_260904_1115_uniform_cache_5m/B_cache_5pct/fillseq/figure4_fillseq/workloadc/stdout.txt	vcomp/experiments/artifacts/log_runs/paper_figure4_uniform_read_cache_260904_1115_uniform_cache_5m/B_cache_5pct/fillseq/figure4_fillseq/workloadc/stdout.txt	31353	f89c25e7d1114461f15fc2f7ba3296519dacf84ec306267741f44a1096bf1507	copied
source_logs/vcomp/experiments/artifacts/log_runs/paper_figure4_uniform_read_cache_260904_1115_uniform_cache_5m/B_cache_5pct/fillseq_ow/figure4_fillseq_ow/workloadc/raw/diskstats.end	vcomp/experiments/artifacts/log_runs/paper_figure4_uniform_read_cache_260904_1115_uniform_cache_5m/B_cache_5pct/fillseq_ow/figure4_fillseq_ow/workloadc/raw/diskstats.end	6149	47a0a5734883b5992bf747f0c3dba75812e01552bbf113a4843968bda9c9bf42	copied
source_logs/vcomp/experiments/artifacts/log_runs/paper_figure4_uniform_read_cache_260904_1115_uniform_cache_5m/B_cache_5pct/fillseq_ow/figure4_fillseq_ow/workloadc/raw/diskstats.start	vcomp/experiments/artifacts/log_runs/paper_figure4_uniform_read_cache_260904_1115_uniform_cache_5m/B_cache_5pct/fillseq_ow/figure4_fillseq_ow/workloadc/raw/diskstats.start	6149	0f9683330aa37ec69c0db4d6fc8aaadcf549b5bde8e0f7c22148e50d1a15deb1	copied
source_logs/vcomp/experiments/artifacts/log_runs/paper_figure4_uniform_read_cache_260904_1115_uniform_cache_5m/B_cache_5pct/fillseq_ow/figure4_fillseq_ow/workloadc/raw/run_cmd.sh	vcomp/experiments/artifacts/log_runs/paper_figure4_uniform_read_cache_260904_1115_uniform_cache_5m/B_cache_5pct/fillseq_ow/figure4_fillseq_ow/workloadc/raw/run_cmd.sh	1093	579bf77de0a3581703efed5b2d45e96acdab77b49c5732819d1f0f83228f60b7	copied
source_logs/vcomp/experiments/artifacts/log_runs/paper_figure4_uniform_read_cache_260904_1115_uniform_cache_5m/B_cache_5pct/fillseq_ow/figure4_fillseq_ow/workloadc/raw/time.out	vcomp/experiments/artifacts/log_runs/paper_figure4_uniform_read_cache_260904_1115_uniform_cache_5m/B_cache_5pct/fillseq_ow/figure4_fillseq_ow/workloadc/raw/time.out	1822	4b8d4319d283ee40965a211e1708d65856acde4f8e96b97a0cdd2a94deb7a301	copied
source_logs/vcomp/experiments/artifacts/log_runs/paper_figure4_uniform_read_cache_260904_1115_uniform_cache_5m/B_cache_5pct/fillseq_ow/figure4_fillseq_ow/workloadc/report.rep	vcomp/experiments/artifacts/log_runs/paper_figure4_uniform_read_cache_260904_1115_uniform_cache_5m/B_cache_5pct/fillseq_ow/figure4_fillseq_ow/workloadc/report.rep	377	018f6de2b851f76a9c1ca705ccdfeb155124254f18e1bfedbdcd600c7a3c608b	copied
source_logs/vcomp/experiments/artifacts/log_runs/paper_figure4_uniform_read_cache_260904_1115_uniform_cache_5m/B_cache_5pct/fillseq_ow/figure4_fillseq_ow/workloadc/stderr.txt	vcomp/experiments/artifacts/log_runs/paper_figure4_uniform_read_cache_260904_1115_uniform_cache_5m/B_cache_5pct/fillseq_ow/figure4_fillseq_ow/workloadc/stderr.txt	125209	c04abfef900c3bea865243792e22ec7d3a6d76ca0d13cb3c62fbe7cbeef2dc32	copied
source_logs/vcomp/experiments/artifacts/log_runs/paper_figure4_uniform_read_cache_260904_1115_uniform_cache_5m/B_cache_5pct/fillseq_ow/figure4_fillseq_ow/workloadc/stdout.txt	vcomp/experiments/artifacts/log_runs/paper_figure4_uniform_read_cache_260904_1115_uniform_cache_5m/B_cache_5pct/fillseq_ow/figure4_fillseq_ow/workloadc/stdout.txt	31707	19050689218c7da07d08d09dcd0ab0597707be9779d09b1d085d14ccd8c1af3e	copied
source_logs/vcomp/experiments/artifacts/log_runs/paper_figure4_uniform_read_cache_260904_1115_uniform_cache_5m/B_cache_5pct/flush_only/figure4_flush_only/workloadc/raw/diskstats.end	vcomp/experiments/artifacts/log_runs/paper_figure4_uniform_read_cache_260904_1115_uniform_cache_5m/B_cache_5pct/flush_only/figure4_flush_only/workloadc/raw/diskstats.end	6149	f1973cbb68fe602f6be73f2cff31deda89ef384069ac03d35249429698617e04	copied
source_logs/vcomp/experiments/artifacts/log_runs/paper_figure4_uniform_read_cache_260904_1115_uniform_cache_5m/B_cache_5pct/flush_only/figure4_flush_only/workloadc/raw/diskstats.start	vcomp/experiments/artifacts/log_runs/paper_figure4_uniform_read_cache_260904_1115_uniform_cache_5m/B_cache_5pct/flush_only/figure4_flush_only/workloadc/raw/diskstats.start	6149	8a3c146696b78d095760963293768d02151fe789caf858a341520dab968c1005	copied
source_logs/vcomp/experiments/artifacts/log_runs/paper_figure4_uniform_read_cache_260904_1115_uniform_cache_5m/B_cache_5pct/flush_only/figure4_flush_only/workloadc/raw/run_cmd.sh	vcomp/experiments/artifacts/log_runs/paper_figure4_uniform_read_cache_260904_1115_uniform_cache_5m/B_cache_5pct/flush_only/figure4_flush_only/workloadc/raw/run_cmd.sh	1093	061224f8e4dab3dc7c9838ce76d8262689aa9c5e1f02910f953fcbcfa725a432	copied
source_logs/vcomp/experiments/artifacts/log_runs/paper_figure4_uniform_read_cache_260904_1115_uniform_cache_5m/B_cache_5pct/flush_only/figure4_flush_only/workloadc/raw/time.out	vcomp/experiments/artifacts/log_runs/paper_figure4_uniform_read_cache_260904_1115_uniform_cache_5m/B_cache_5pct/flush_only/figure4_flush_only/workloadc/raw/time.out	1823	92bf54876629cef738cd96a48e118adfba3df5423e0f44f375edd5a4dc9a3b48	copied
source_logs/vcomp/experiments/artifacts/log_runs/paper_figure4_uniform_read_cache_260904_1115_uniform_cache_5m/B_cache_5pct/flush_only/figure4_flush_only/workloadc/report.rep	vcomp/experiments/artifacts/log_runs/paper_figure4_uniform_read_cache_260904_1115_uniform_cache_5m/B_cache_5pct/flush_only/figure4_flush_only/workloadc/report.rep	317	cae3a37cb0e06bb1ae39498567c3ae614c65329ce7334d272b00386a6ca0102a	copied
source_logs/vcomp/experiments/artifacts/log_runs/paper_figure4_uniform_read_cache_260904_1115_uniform_cache_5m/B_cache_5pct/flush_only/figure4_flush_only/workloadc/stderr.txt	vcomp/experiments/artifacts/log_runs/paper_figure4_uniform_read_cache_260904_1115_uniform_cache_5m/B_cache_5pct/flush_only/figure4_flush_only/workloadc/stderr.txt	60410	bef00ab05c16c1c236ba47b4193c9101ae00ee18dee51d0f12f767e123f0588f	copied
source_logs/vcomp/experiments/artifacts/log_runs/paper_figure4_uniform_read_cache_260904_1115_uniform_cache_5m/B_cache_5pct/flush_only/figure4_flush_only/workloadc/stdout.txt	vcomp/experiments/artifacts/log_runs/paper_figure4_uniform_read_cache_260904_1115_uniform_cache_5m/B_cache_5pct/flush_only/figure4_flush_only/workloadc/stdout.txt	27249	2e037e77de037955a82c75543b5fb07dc038ddd6978b3b7c5c4a4b1c046d53ca	copied
source_logs/vcomp/experiments/artifacts/log_runs/paper_figure4_uniform_read_cache_260904_1115_uniform_cache_5m/B_cache_5pct/last_comp/figure4_last_comp/workloadc/raw/diskstats.end	vcomp/experiments/artifacts/log_runs/paper_figure4_uniform_read_cache_260904_1115_uniform_cache_5m/B_cache_5pct/last_comp/figure4_last_comp/workloadc/raw/diskstats.end	6149	3b4b676dedf6d7366f7ef996c53d96aa23d02359cb6ccc9e15e900c684a8e7ef	copied
source_logs/vcomp/experiments/artifacts/log_runs/paper_figure4_uniform_read_cache_260904_1115_uniform_cache_5m/B_cache_5pct/last_comp/figure4_last_comp/workloadc/raw/diskstats.start	vcomp/experiments/artifacts/log_runs/paper_figure4_uniform_read_cache_260904_1115_uniform_cache_5m/B_cache_5pct/last_comp/figure4_last_comp/workloadc/raw/diskstats.start	6149	592469a3efc8e4782205838b6eb5524d7500044b6b5bb111a47622d28d30c245	copied
source_logs/vcomp/experiments/artifacts/log_runs/paper_figure4_uniform_read_cache_260904_1115_uniform_cache_5m/B_cache_5pct/last_comp/figure4_last_comp/workloadc/raw/run_cmd.sh	vcomp/experiments/artifacts/log_runs/paper_figure4_uniform_read_cache_260904_1115_uniform_cache_5m/B_cache_5pct/last_comp/figure4_last_comp/workloadc/raw/run_cmd.sh	1089	bd9447ad6a071369d9095fa979c206584639868d0edf571e16299af646611299	copied
source_logs/vcomp/experiments/artifacts/log_runs/paper_figure4_uniform_read_cache_260904_1115_uniform_cache_5m/B_cache_5pct/last_comp/figure4_last_comp/workloadc/raw/time.out	vcomp/experiments/artifacts/log_runs/paper_figure4_uniform_read_cache_260904_1115_uniform_cache_5m/B_cache_5pct/last_comp/figure4_last_comp/workloadc/raw/time.out	1818	f0f1c00b450e89fdd8d602d9eb9b29ec03698509f2effac692eaf9d4a3a3733d	copied
source_logs/vcomp/experiments/artifacts/log_runs/paper_figure4_uniform_read_cache_260904_1115_uniform_cache_5m/B_cache_5pct/last_comp/figure4_last_comp/workloadc/report.rep	vcomp/experiments/artifacts/log_runs/paper_figure4_uniform_read_cache_260904_1115_uniform_cache_5m/B_cache_5pct/last_comp/figure4_last_comp/workloadc/report.rep	377	e960baedb71a2dd19ab79384c8507b1fe20a1014bb443626e9bb19593762e615	copied
source_logs/vcomp/experiments/artifacts/log_runs/paper_figure4_uniform_read_cache_260904_1115_uniform_cache_5m/B_cache_5pct/last_comp/figure4_last_comp/workloadc/stderr.txt	vcomp/experiments/artifacts/log_runs/paper_figure4_uniform_read_cache_260904_1115_uniform_cache_5m/B_cache_5pct/last_comp/figure4_last_comp/workloadc/stderr.txt	92505	d288980601bcea145c0d64c88f32eca40c6fe87132bc691efdb2c6f85b7099e6	copied
source_logs/vcomp/experiments/artifacts/log_runs/paper_figure4_uniform_read_cache_260904_1115_uniform_cache_5m/B_cache_5pct/last_comp/figure4_last_comp/workloadc/stdout.txt	vcomp/experiments/artifacts/log_runs/paper_figure4_uniform_read_cache_260904_1115_uniform_cache_5m/B_cache_5pct/last_comp/figure4_last_comp/workloadc/stdout.txt	27505	de95e53ea953d6396fbca2d09b1fa096a48211f69db1d9d25cb00fefc3e0bb61	copied
source_logs/vcomp/experiments/artifacts/log_runs/paper_figure4_uniform_read_cache_260904_1115_uniform_cache_5m/B_cache_5pct/q3_read_summary.tsv	vcomp/experiments/artifacts/log_runs/paper_figure4_uniform_read_cache_260904_1115_uniform_cache_5m/B_cache_5pct/q3_read_summary.tsv	3850	a1887a605261259a799fc845ea73c562fd1e02bfdedb8197ec86dc29c715df74	copied
source_logs/vcomp/experiments/artifacts/log_runs/paper_figure4_uniform_read_cache_260904_1115_uniform_cache_5m/B_cache_5pct/run.log	vcomp/experiments/artifacts/log_runs/paper_figure4_uniform_read_cache_260904_1115_uniform_cache_5m/B_cache_5pct/run.log	3130	9176b9289834a9c6c1ac1557a912f1d13beda827167de76aa04033fce3b5c447	copied
source_logs/vcomp/experiments/artifacts/log_runs/paper_figure4_uniform_read_cache_260904_1115_uniform_cache_5m/C_pinned_zero/f2load/figure4_f2load/workloadc/raw/diskstats.end	vcomp/experiments/artifacts/log_runs/paper_figure4_uniform_read_cache_260904_1115_uniform_cache_5m/C_pinned_zero/f2load/figure4_f2load/workloadc/raw/diskstats.end	6149	e9200b7cab9db7442c3b9484b50880dd90908704903f6ee424ccbe0c826ba2e8	copied
source_logs/vcomp/experiments/artifacts/log_runs/paper_figure4_uniform_read_cache_260904_1115_uniform_cache_5m/C_pinned_zero/f2load/figure4_f2load/workloadc/raw/diskstats.start	vcomp/experiments/artifacts/log_runs/paper_figure4_uniform_read_cache_260904_1115_uniform_cache_5m/C_pinned_zero/f2load/figure4_f2load/workloadc/raw/diskstats.start	6149	60b0ee49755ea64075eaa195668441fd7e47bb04345537ff71e69e26df7da257	copied
source_logs/vcomp/experiments/artifacts/log_runs/paper_figure4_uniform_read_cache_260904_1115_uniform_cache_5m/C_pinned_zero/f2load/figure4_f2load/workloadc/raw/run_cmd.sh	vcomp/experiments/artifacts/log_runs/paper_figure4_uniform_read_cache_260904_1115_uniform_cache_5m/C_pinned_zero/f2load/figure4_f2load/workloadc/raw/run_cmd.sh	1070	bba46d41bf0592be4738f909da0dca9ca449283a4bf179cd87412f9071700888	copied
source_logs/vcomp/experiments/artifacts/log_runs/paper_figure4_uniform_read_cache_260904_1115_uniform_cache_5m/C_pinned_zero/f2load/figure4_f2load/workloadc/raw/time.out	vcomp/experiments/artifacts/log_runs/paper_figure4_uniform_read_cache_260904_1115_uniform_cache_5m/C_pinned_zero/f2load/figure4_f2load/workloadc/raw/time.out	1798	aaabda7584665b5da1451e1f55c655c5837debdb6ec4510890c8749c82fcaac9	copied
source_logs/vcomp/experiments/artifacts/log_runs/paper_figure4_uniform_read_cache_260904_1115_uniform_cache_5m/C_pinned_zero/f2load/figure4_f2load/workloadc/report.rep	vcomp/experiments/artifacts/log_runs/paper_figure4_uniform_read_cache_260904_1115_uniform_cache_5m/C_pinned_zero/f2load/figure4_f2load/workloadc/report.rep	377	99340ab54272e077e94755f10ab0861b7e24255199b7afb72b3ec889c788acae	copied
source_logs/vcomp/experiments/artifacts/log_runs/paper_figure4_uniform_read_cache_260904_1115_uniform_cache_5m/C_pinned_zero/f2load/figure4_f2load/workloadc/stderr.txt	vcomp/experiments/artifacts/log_runs/paper_figure4_uniform_read_cache_260904_1115_uniform_cache_5m/C_pinned_zero/f2load/figure4_f2load/workloadc/stderr.txt	124939	2752978bc72d6be21f7822663507ba5fc05d88a7820393d3d7bafac27ba7a9f1	copied
source_logs/vcomp/experiments/artifacts/log_runs/paper_figure4_uniform_read_cache_260904_1115_uniform_cache_5m/C_pinned_zero/f2load/figure4_f2load/workloadc/stdout.txt	vcomp/experiments/artifacts/log_runs/paper_figure4_uniform_read_cache_260904_1115_uniform_cache_5m/C_pinned_zero/f2load/figure4_f2load/workloadc/stdout.txt	31828	903bb96720e4a7f4eb569281a001ea1a8f7b4fe644bcdcc290c162be12177870	copied
source_logs/vcomp/experiments/artifacts/log_runs/paper_figure4_uniform_read_cache_260904_1115_uniform_cache_5m/C_pinned_zero/fillseq/figure4_fillseq/workloadc/raw/diskstats.end	vcomp/experiments/artifacts/log_runs/paper_figure4_uniform_read_cache_260904_1115_uniform_cache_5m/C_pinned_zero/fillseq/figure4_fillseq/workloadc/raw/diskstats.end	6149	93458283719c29e455f93215f01982b36334d89eeb4baca284264dba01f1f0ac	copied
source_logs/vcomp/experiments/artifacts/log_runs/paper_figure4_uniform_read_cache_260904_1115_uniform_cache_5m/C_pinned_zero/fillseq/figure4_fillseq/workloadc/raw/diskstats.start	vcomp/experiments/artifacts/log_runs/paper_figure4_uniform_read_cache_260904_1115_uniform_cache_5m/C_pinned_zero/fillseq/figure4_fillseq/workloadc/raw/diskstats.start	6149	da30eae3e88cae0d5827389c8ed89bd1aeb876572d466b2be35a56b3eb044f13	copied
source_logs/vcomp/experiments/artifacts/log_runs/paper_figure4_uniform_read_cache_260904_1115_uniform_cache_5m/C_pinned_zero/fillseq/figure4_fillseq/workloadc/raw/run_cmd.sh	vcomp/experiments/artifacts/log_runs/paper_figure4_uniform_read_cache_260904_1115_uniform_cache_5m/C_pinned_zero/fillseq/figure4_fillseq/workloadc/raw/run_cmd.sh	1074	415e0ad5563eeb60d9214fe1318e329360ae9aff0fc69ac0d4af8753f3ed8b65	copied
source_logs/vcomp/experiments/artifacts/log_runs/paper_figure4_uniform_read_cache_260904_1115_uniform_cache_5m/C_pinned_zero/fillseq/figure4_fillseq/workloadc/raw/time.out	vcomp/experiments/artifacts/log_runs/paper_figure4_uniform_read_cache_260904_1115_uniform_cache_5m/C_pinned_zero/fillseq/figure4_fillseq/workloadc/raw/time.out	1802	83d5a6bad6605b032fe44cf7945e73891be5d72e397557e5c0d8242510d86ae9	copied
source_logs/vcomp/experiments/artifacts/log_runs/paper_figure4_uniform_read_cache_260904_1115_uniform_cache_5m/C_pinned_zero/fillseq/figure4_fillseq/workloadc/report.rep	vcomp/experiments/artifacts/log_runs/paper_figure4_uniform_read_cache_260904_1115_uniform_cache_5m/C_pinned_zero/fillseq/figure4_fillseq/workloadc/report.rep	377	03e83575162ee18720e07c8568741a4419c7fc71011c76a722231047b5b78a8a	copied
source_logs/vcomp/experiments/artifacts/log_runs/paper_figure4_uniform_read_cache_260904_1115_uniform_cache_5m/C_pinned_zero/fillseq/figure4_fillseq/workloadc/stderr.txt	vcomp/experiments/artifacts/log_runs/paper_figure4_uniform_read_cache_260904_1115_uniform_cache_5m/C_pinned_zero/fillseq/figure4_fillseq/workloadc/stderr.txt	117258	82e07fb01e628975ed1b0abfe5dc2d5d265ec541f68de628b3c1e2bdbe64358f	copied
source_logs/vcomp/experiments/artifacts/log_runs/paper_figure4_uniform_read_cache_260904_1115_uniform_cache_5m/C_pinned_zero/fillseq/figure4_fillseq/workloadc/stdout.txt	vcomp/experiments/artifacts/log_runs/paper_figure4_uniform_read_cache_260904_1115_uniform_cache_5m/C_pinned_zero/fillseq/figure4_fillseq/workloadc/stdout.txt	30522	d715ee6212d732426ba5d6c6083e13d74ca86e5f942e50db8ed5b92c8de22c6e	copied
source_logs/vcomp/experiments/artifacts/log_runs/paper_figure4_uniform_read_cache_260904_1115_uniform_cache_5m/C_pinned_zero/fillseq_ow/figure4_fillseq_ow/workloadc/raw/diskstats.end	vcomp/experiments/artifacts/log_runs/paper_figure4_uniform_read_cache_260904_1115_uniform_cache_5m/C_pinned_zero/fillseq_ow/figure4_fillseq_ow/workloadc/raw/diskstats.end	6149	68e10e9fa30d9032a2a1dc1bb55f096cda4ec204416958704981a55bdfa12c81	copied
source_logs/vcomp/experiments/artifacts/log_runs/paper_figure4_uniform_read_cache_260904_1115_uniform_cache_5m/C_pinned_zero/fillseq_ow/figure4_fillseq_ow/workloadc/raw/diskstats.start	vcomp/experiments/artifacts/log_runs/paper_figure4_uniform_read_cache_260904_1115_uniform_cache_5m/C_pinned_zero/fillseq_ow/figure4_fillseq_ow/workloadc/raw/diskstats.start	6149	4a659ea2630f909a936924b280401c35572c99954e9183039105421b3ee20a95	copied
source_logs/vcomp/experiments/artifacts/log_runs/paper_figure4_uniform_read_cache_260904_1115_uniform_cache_5m/C_pinned_zero/fillseq_ow/figure4_fillseq_ow/workloadc/raw/run_cmd.sh	vcomp/experiments/artifacts/log_runs/paper_figure4_uniform_read_cache_260904_1115_uniform_cache_5m/C_pinned_zero/fillseq_ow/figure4_fillseq_ow/workloadc/raw/run_cmd.sh	1086	48d16b2099b25e65c89b58957569b5810032829e6f61c341ccc7ce647a343661	copied
source_logs/vcomp/experiments/artifacts/log_runs/paper_figure4_uniform_read_cache_260904_1115_uniform_cache_5m/C_pinned_zero/fillseq_ow/figure4_fillseq_ow/workloadc/raw/time.out	vcomp/experiments/artifacts/log_runs/paper_figure4_uniform_read_cache_260904_1115_uniform_cache_5m/C_pinned_zero/fillseq_ow/figure4_fillseq_ow/workloadc/raw/time.out	1815	98bdbfe1c6a192eb94a7c338c26d32db23377260337d67dad398634992236b4a	copied
source_logs/vcomp/experiments/artifacts/log_runs/paper_figure4_uniform_read_cache_260904_1115_uniform_cache_5m/C_pinned_zero/fillseq_ow/figure4_fillseq_ow/workloadc/report.rep	vcomp/experiments/artifacts/log_runs/paper_figure4_uniform_read_cache_260904_1115_uniform_cache_5m/C_pinned_zero/fillseq_ow/figure4_fillseq_ow/workloadc/report.rep	377	9784c4160e872a6ca368b393610a218d1dae256b8a2af93d7a2d69bc5a561e44	copied
source_logs/vcomp/experiments/artifacts/log_runs/paper_figure4_uniform_read_cache_260904_1115_uniform_cache_5m/C_pinned_zero/fillseq_ow/figure4_fillseq_ow/workloadc/stderr.txt	vcomp/experiments/artifacts/log_runs/paper_figure4_uniform_read_cache_260904_1115_uniform_cache_5m/C_pinned_zero/fillseq_ow/figure4_fillseq_ow/workloadc/stderr.txt	122345	5b0488004e4808d4900cd932c71a100ae9ded69d02469690923b3aadcbee8413	copied
source_logs/vcomp/experiments/artifacts/log_runs/paper_figure4_uniform_read_cache_260904_1115_uniform_cache_5m/C_pinned_zero/fillseq_ow/figure4_fillseq_ow/workloadc/stdout.txt	vcomp/experiments/artifacts/log_runs/paper_figure4_uniform_read_cache_260904_1115_uniform_cache_5m/C_pinned_zero/fillseq_ow/figure4_fillseq_ow/workloadc/stdout.txt	31123	da255c162948b709d6e6c17a088f42fa075fa20acd0833a2069ff94fc2c6593b	copied
source_logs/vcomp/experiments/artifacts/log_runs/paper_figure4_uniform_read_cache_260904_1115_uniform_cache_5m/C_pinned_zero/flush_only/figure4_flush_only/workloadc/raw/diskstats.end	vcomp/experiments/artifacts/log_runs/paper_figure4_uniform_read_cache_260904_1115_uniform_cache_5m/C_pinned_zero/flush_only/figure4_flush_only/workloadc/raw/diskstats.end	6149	31365f7b350c4c72743b34eecee80ebaee7c1b526e4052b0fa450897fbcd8fdf	copied
source_logs/vcomp/experiments/artifacts/log_runs/paper_figure4_uniform_read_cache_260904_1115_uniform_cache_5m/C_pinned_zero/flush_only/figure4_flush_only/workloadc/raw/diskstats.start	vcomp/experiments/artifacts/log_runs/paper_figure4_uniform_read_cache_260904_1115_uniform_cache_5m/C_pinned_zero/flush_only/figure4_flush_only/workloadc/raw/diskstats.start	6149	3b7dac30d30d1fc272786c29576be6b249373bf22332b71ddf69a3cbf9f0c042	copied
source_logs/vcomp/experiments/artifacts/log_runs/paper_figure4_uniform_read_cache_260904_1115_uniform_cache_5m/C_pinned_zero/flush_only/figure4_flush_only/workloadc/raw/run_cmd.sh	vcomp/experiments/artifacts/log_runs/paper_figure4_uniform_read_cache_260904_1115_uniform_cache_5m/C_pinned_zero/flush_only/figure4_flush_only/workloadc/raw/run_cmd.sh	1086	92461c862d0d45c518602b1f21cfc5e21f20b441997cfcb668a84b263723c570	copied
source_logs/vcomp/experiments/artifacts/log_runs/paper_figure4_uniform_read_cache_260904_1115_uniform_cache_5m/C_pinned_zero/flush_only/figure4_flush_only/workloadc/raw/time.out	vcomp/experiments/artifacts/log_runs/paper_figure4_uniform_read_cache_260904_1115_uniform_cache_5m/C_pinned_zero/flush_only/figure4_flush_only/workloadc/raw/time.out	1814	f53b3d47606d214132dac4758fac40a059fe8eb8e79119c186d94ee6d0988d12	copied
source_logs/vcomp/experiments/artifacts/log_runs/paper_figure4_uniform_read_cache_260904_1115_uniform_cache_5m/C_pinned_zero/flush_only/figure4_flush_only/workloadc/report.rep	vcomp/experiments/artifacts/log_runs/paper_figure4_uniform_read_cache_260904_1115_uniform_cache_5m/C_pinned_zero/flush_only/figure4_flush_only/workloadc/report.rep	317	7cabbd150b49549c33082c0ea788683ce59b9a739c03965d4a0120665d479340	copied
source_logs/vcomp/experiments/artifacts/log_runs/paper_figure4_uniform_read_cache_260904_1115_uniform_cache_5m/C_pinned_zero/flush_only/figure4_flush_only/workloadc/stderr.txt	vcomp/experiments/artifacts/log_runs/paper_figure4_uniform_read_cache_260904_1115_uniform_cache_5m/C_pinned_zero/flush_only/figure4_flush_only/workloadc/stderr.txt	66368	ff4b3bc8fc1181df35a5003ab3e96c94453ea44e5af72db9f9982ce33a9c3142	copied
source_logs/vcomp/experiments/artifacts/log_runs/paper_figure4_uniform_read_cache_260904_1115_uniform_cache_5m/C_pinned_zero/flush_only/figure4_flush_only/workloadc/stdout.txt	vcomp/experiments/artifacts/log_runs/paper_figure4_uniform_read_cache_260904_1115_uniform_cache_5m/C_pinned_zero/flush_only/figure4_flush_only/workloadc/stdout.txt	26841	d9dbac4fdc2dff5cebd01dedd6a218ff107a1ab16524c25bb1e1bbccb3a344e9	copied
source_logs/vcomp/experiments/artifacts/log_runs/paper_figure4_uniform_read_cache_260904_1115_uniform_cache_5m/C_pinned_zero/last_comp/figure4_last_comp/workloadc/raw/diskstats.end	vcomp/experiments/artifacts/log_runs/paper_figure4_uniform_read_cache_260904_1115_uniform_cache_5m/C_pinned_zero/last_comp/figure4_last_comp/workloadc/raw/diskstats.end	6149	2a73983be87793f4a69e2aa32607b9cc749ac945f3b372ddb1533b6d69f4c0c3	copied
source_logs/vcomp/experiments/artifacts/log_runs/paper_figure4_uniform_read_cache_260904_1115_uniform_cache_5m/C_pinned_zero/last_comp/figure4_last_comp/workloadc/raw/diskstats.start	vcomp/experiments/artifacts/log_runs/paper_figure4_uniform_read_cache_260904_1115_uniform_cache_5m/C_pinned_zero/last_comp/figure4_last_comp/workloadc/raw/diskstats.start	6149	715f8ae44584b37cbf74995e39205462c0c0eaee22d0d1c4add421de243b45b8	copied
source_logs/vcomp/experiments/artifacts/log_runs/paper_figure4_uniform_read_cache_260904_1115_uniform_cache_5m/C_pinned_zero/last_comp/figure4_last_comp/workloadc/raw/run_cmd.sh	vcomp/experiments/artifacts/log_runs/paper_figure4_uniform_read_cache_260904_1115_uniform_cache_5m/C_pinned_zero/last_comp/figure4_last_comp/workloadc/raw/run_cmd.sh	1082	f8b00f519104583f38f3deea3e1c8ec82676c837001d6581ed77381c9267ee63	copied
source_logs/vcomp/experiments/artifacts/log_runs/paper_figure4_uniform_read_cache_260904_1115_uniform_cache_5m/C_pinned_zero/last_comp/figure4_last_comp/workloadc/raw/time.out	vcomp/experiments/artifacts/log_runs/paper_figure4_uniform_read_cache_260904_1115_uniform_cache_5m/C_pinned_zero/last_comp/figure4_last_comp/workloadc/raw/time.out	1810	4ac0215084eb12b1e3f2012a2361c1d9fb9821e554691b23a600b7375eb71fc7	copied
source_logs/vcomp/experiments/artifacts/log_runs/paper_figure4_uniform_read_cache_260904_1115_uniform_cache_5m/C_pinned_zero/last_comp/figure4_last_comp/workloadc/report.rep	vcomp/experiments/artifacts/log_runs/paper_figure4_uniform_read_cache_260904_1115_uniform_cache_5m/C_pinned_zero/last_comp/figure4_last_comp/workloadc/report.rep	377	6f89d6d07bbcd82bb2b3c0c5c6d2e4504348a1f76fbde0f4f1f5a65854cc7d67	copied
source_logs/vcomp/experiments/artifacts/log_runs/paper_figure4_uniform_read_cache_260904_1115_uniform_cache_5m/C_pinned_zero/last_comp/figure4_last_comp/workloadc/stderr.txt	vcomp/experiments/artifacts/log_runs/paper_figure4_uniform_read_cache_260904_1115_uniform_cache_5m/C_pinned_zero/last_comp/figure4_last_comp/workloadc/stderr.txt	92294	9e6039d8268633ef5a36fded129a5b6ac9d825bf5b9efe9f787db16db53e4642	copied
source_logs/vcomp/experiments/artifacts/log_runs/paper_figure4_uniform_read_cache_260904_1115_uniform_cache_5m/C_pinned_zero/last_comp/figure4_last_comp/workloadc/stdout.txt	vcomp/experiments/artifacts/log_runs/paper_figure4_uniform_read_cache_260904_1115_uniform_cache_5m/C_pinned_zero/last_comp/figure4_last_comp/workloadc/stdout.txt	27499	484abd4bbe3dc69b7e257c5795531cfaa7a82741d9b0141110e4fcfe6a7a2eb8	copied
source_logs/vcomp/experiments/artifacts/log_runs/paper_figure4_uniform_read_cache_260904_1115_uniform_cache_5m/C_pinned_zero/q3_read_summary.tsv	vcomp/experiments/artifacts/log_runs/paper_figure4_uniform_read_cache_260904_1115_uniform_cache_5m/C_pinned_zero/q3_read_summary.tsv	3672	ceb22a4cf27e8f58363d0880be955b51a995772e8b7f73cfc6d5e4272906575b	copied
source_logs/vcomp/experiments/artifacts/log_runs/paper_figure4_uniform_read_cache_260904_1115_uniform_cache_5m/C_pinned_zero/run.log	vcomp/experiments/artifacts/log_runs/paper_figure4_uniform_read_cache_260904_1115_uniform_cache_5m/C_pinned_zero/run.log	3132	d1a65e3e63b985c3a5030be13aefd7007e0edbfe38a9f6b87a92771a4558d351	copied
source_logs/vcomp/experiments/artifacts/log_runs/paper_figure4_uniform_read_cache_260904_1115_uniform_cache_5m/D_pinned_5pct/f2load/figure4_f2load/workloadc/raw/diskstats.end	vcomp/experiments/artifacts/log_runs/paper_figure4_uniform_read_cache_260904_1115_uniform_cache_5m/D_pinned_5pct/f2load/figure4_f2load/workloadc/raw/diskstats.end	6149	0797658855c65635c46be411c95acd8ecd411028b413a9cd7e9b377d927f9c19	copied
source_logs/vcomp/experiments/artifacts/log_runs/paper_figure4_uniform_read_cache_260904_1115_uniform_cache_5m/D_pinned_5pct/f2load/figure4_f2load/workloadc/raw/diskstats.start	vcomp/experiments/artifacts/log_runs/paper_figure4_uniform_read_cache_260904_1115_uniform_cache_5m/D_pinned_5pct/f2load/figure4_f2load/workloadc/raw/diskstats.start	6149	9a8e2cd10520cb1e26dd0a4794bb9407ddf779d4dd886c26ed9d59af09c1640a	copied
source_logs/vcomp/experiments/artifacts/log_runs/paper_figure4_uniform_read_cache_260904_1115_uniform_cache_5m/D_pinned_5pct/f2load/figure4_f2load/workloadc/raw/run_cmd.sh	vcomp/experiments/artifacts/log_runs/paper_figure4_uniform_read_cache_260904_1115_uniform_cache_5m/D_pinned_5pct/f2load/figure4_f2load/workloadc/raw/run_cmd.sh	1080	263700f9ce210210c15a2c06c90d7fae4b01aee9def568e6c9b1fb2f68478c87	copied
source_logs/vcomp/experiments/artifacts/log_runs/paper_figure4_uniform_read_cache_260904_1115_uniform_cache_5m/D_pinned_5pct/f2load/figure4_f2load/workloadc/raw/time.out	vcomp/experiments/artifacts/log_runs/paper_figure4_uniform_read_cache_260904_1115_uniform_cache_5m/D_pinned_5pct/f2load/figure4_f2load/workloadc/raw/time.out	1809	4371e3b7ae13ed0d7fc11dc2f55a9f523b9a2d5267ddcf010bc5c84c478386c4	copied
source_logs/vcomp/experiments/artifacts/log_runs/paper_figure4_uniform_read_cache_260904_1115_uniform_cache_5m/D_pinned_5pct/f2load/figure4_f2load/workloadc/report.rep	vcomp/experiments/artifacts/log_runs/paper_figure4_uniform_read_cache_260904_1115_uniform_cache_5m/D_pinned_5pct/f2load/figure4_f2load/workloadc/report.rep	377	825f94744254576c8fdeffcaba6b96fd7cfcde370b46798a960accbca255c012	copied
source_logs/vcomp/experiments/artifacts/log_runs/paper_figure4_uniform_read_cache_260904_1115_uniform_cache_5m/D_pinned_5pct/f2load/figure4_f2load/workloadc/stderr.txt	vcomp/experiments/artifacts/log_runs/paper_figure4_uniform_read_cache_260904_1115_uniform_cache_5m/D_pinned_5pct/f2load/figure4_f2load/workloadc/stderr.txt	122268	7543a0fbe419673cbd097605c0aff19d34bf63ac525da61ab074cfc6559d0e0a	copied
source_logs/vcomp/experiments/artifacts/log_runs/paper_figure4_uniform_read_cache_260904_1115_uniform_cache_5m/D_pinned_5pct/f2load/figure4_f2load/workloadc/stdout.txt	vcomp/experiments/artifacts/log_runs/paper_figure4_uniform_read_cache_260904_1115_uniform_cache_5m/D_pinned_5pct/f2load/figure4_f2load/workloadc/stdout.txt	31584	d4e6442692cc93aa2bd86e554871568f050b87bdc0c87015a8080ac30d944438	copied
source_logs/vcomp/experiments/artifacts/log_runs/paper_figure4_uniform_read_cache_260904_1115_uniform_cache_5m/D_pinned_5pct/fillseq/figure4_fillseq/workloadc/raw/diskstats.end	vcomp/experiments/artifacts/log_runs/paper_figure4_uniform_read_cache_260904_1115_uniform_cache_5m/D_pinned_5pct/fillseq/figure4_fillseq/workloadc/raw/diskstats.end	6149	56b840097f8ef5be299990f76d6ee8a78d94080c081813b39297974894f2b75b	copied
source_logs/vcomp/experiments/artifacts/log_runs/paper_figure4_uniform_read_cache_260904_1115_uniform_cache_5m/D_pinned_5pct/fillseq/figure4_fillseq/workloadc/raw/diskstats.start	vcomp/experiments/artifacts/log_runs/paper_figure4_uniform_read_cache_260904_1115_uniform_cache_5m/D_pinned_5pct/fillseq/figure4_fillseq/workloadc/raw/diskstats.start	6149	5e01c8a0f5c4c8b8e44846e60d717ee27189d8f30dff9ede8869c2927d57c3fb	copied
source_logs/vcomp/experiments/artifacts/log_runs/paper_figure4_uniform_read_cache_260904_1115_uniform_cache_5m/D_pinned_5pct/fillseq/figure4_fillseq/workloadc/raw/run_cmd.sh	vcomp/experiments/artifacts/log_runs/paper_figure4_uniform_read_cache_260904_1115_uniform_cache_5m/D_pinned_5pct/fillseq/figure4_fillseq/workloadc/raw/run_cmd.sh	1084	89c28655fb8c780bf98b12564278813da8787e6701ad8e18ace5db59fedbbc91	copied
source_logs/vcomp/experiments/artifacts/log_runs/paper_figure4_uniform_read_cache_260904_1115_uniform_cache_5m/D_pinned_5pct/fillseq/figure4_fillseq/workloadc/raw/time.out	vcomp/experiments/artifacts/log_runs/paper_figure4_uniform_read_cache_260904_1115_uniform_cache_5m/D_pinned_5pct/fillseq/figure4_fillseq/workloadc/raw/time.out	1812	483f1aa0519dbb8a624b149dbf0ac9872771c02a669545b3b37d8a17f1fee9dc	copied
source_logs/vcomp/experiments/artifacts/log_runs/paper_figure4_uniform_read_cache_260904_1115_uniform_cache_5m/D_pinned_5pct/fillseq/figure4_fillseq/workloadc/report.rep	vcomp/experiments/artifacts/log_runs/paper_figure4_uniform_read_cache_260904_1115_uniform_cache_5m/D_pinned_5pct/fillseq/figure4_fillseq/workloadc/report.rep	377	f467eed157c15a4f6299721e0084541da6d1632134f1ab10372b251542c6def8	copied
source_logs/vcomp/experiments/artifacts/log_runs/paper_figure4_uniform_read_cache_260904_1115_uniform_cache_5m/D_pinned_5pct/fillseq/figure4_fillseq/workloadc/stderr.txt	vcomp/experiments/artifacts/log_runs/paper_figure4_uniform_read_cache_260904_1115_uniform_cache_5m/D_pinned_5pct/fillseq/figure4_fillseq/workloadc/stderr.txt	120452	cfed1c6d3e931ed328fa877193909bb1cea13a79ede1cf68decdec45c382d430	copied
source_logs/vcomp/experiments/artifacts/log_runs/paper_figure4_uniform_read_cache_260904_1115_uniform_cache_5m/D_pinned_5pct/fillseq/figure4_fillseq/workloadc/stdout.txt	vcomp/experiments/artifacts/log_runs/paper_figure4_uniform_read_cache_260904_1115_uniform_cache_5m/D_pinned_5pct/fillseq/figure4_fillseq/workloadc/stdout.txt	31062	69bb3151f70b07e7dafcd8ae6ee297ad2af58ccf73a1cb15df1eeca2a0981464	copied
source_logs/vcomp/experiments/artifacts/log_runs/paper_figure4_uniform_read_cache_260904_1115_uniform_cache_5m/D_pinned_5pct/fillseq_ow/figure4_fillseq_ow/workloadc/raw/diskstats.end	vcomp/experiments/artifacts/log_runs/paper_figure4_uniform_read_cache_260904_1115_uniform_cache_5m/D_pinned_5pct/fillseq_ow/figure4_fillseq_ow/workloadc/raw/diskstats.end	6149	245d0d2eb21ebc01ea3e748546505018ecc1d9256101c179ca2d5387c46b19be	copied
source_logs/vcomp/experiments/artifacts/log_runs/paper_figure4_uniform_read_cache_260904_1115_uniform_cache_5m/D_pinned_5pct/fillseq_ow/figure4_fillseq_ow/workloadc/raw/diskstats.start	vcomp/experiments/artifacts/log_runs/paper_figure4_uniform_read_cache_260904_1115_uniform_cache_5m/D_pinned_5pct/fillseq_ow/figure4_fillseq_ow/workloadc/raw/diskstats.start	6149	78790866eded285c2bbba6b480d0e2ca8c7a740afa3ccaa567f81a0aa5f2cb32	copied
source_logs/vcomp/experiments/artifacts/log_runs/paper_figure4_uniform_read_cache_260904_1115_uniform_cache_5m/D_pinned_5pct/fillseq_ow/figure4_fillseq_ow/workloadc/raw/run_cmd.sh	vcomp/experiments/artifacts/log_runs/paper_figure4_uniform_read_cache_260904_1115_uniform_cache_5m/D_pinned_5pct/fillseq_ow/figure4_fillseq_ow/workloadc/raw/run_cmd.sh	1096	e9ee54e72b53b4faad8b567bd2d4617cd10d95fc15719d743284ee54030a541b	copied
source_logs/vcomp/experiments/artifacts/log_runs/paper_figure4_uniform_read_cache_260904_1115_uniform_cache_5m/D_pinned_5pct/fillseq_ow/figure4_fillseq_ow/workloadc/raw/time.out	vcomp/experiments/artifacts/log_runs/paper_figure4_uniform_read_cache_260904_1115_uniform_cache_5m/D_pinned_5pct/fillseq_ow/figure4_fillseq_ow/workloadc/raw/time.out	1825	afb7b99fd199a349c5b2f5699e68376445542c1183526bd4406d982378a75fd2	copied
source_logs/vcomp/experiments/artifacts/log_runs/paper_figure4_uniform_read_cache_260904_1115_uniform_cache_5m/D_pinned_5pct/fillseq_ow/figure4_fillseq_ow/workloadc/report.rep	vcomp/experiments/artifacts/log_runs/paper_figure4_uniform_read_cache_260904_1115_uniform_cache_5m/D_pinned_5pct/fillseq_ow/figure4_fillseq_ow/workloadc/report.rep	377	08fc99b91db3527f54d8f80a5d5024a22c75303788dca830e5e4aee3d7d4b1b2	copied
source_logs/vcomp/experiments/artifacts/log_runs/paper_figure4_uniform_read_cache_260904_1115_uniform_cache_5m/D_pinned_5pct/fillseq_ow/figure4_fillseq_ow/workloadc/stderr.txt	vcomp/experiments/artifacts/log_runs/paper_figure4_uniform_read_cache_260904_1115_uniform_cache_5m/D_pinned_5pct/fillseq_ow/figure4_fillseq_ow/workloadc/stderr.txt	121309	d3aed70074b0bea792a200d02ee7128d5f5cb3b6ed401b30fa3a89c4f62ff79a	copied
source_logs/vcomp/experiments/artifacts/log_runs/paper_figure4_uniform_read_cache_260904_1115_uniform_cache_5m/D_pinned_5pct/fillseq_ow/figure4_fillseq_ow/workloadc/stdout.txt	vcomp/experiments/artifacts/log_runs/paper_figure4_uniform_read_cache_260904_1115_uniform_cache_5m/D_pinned_5pct/fillseq_ow/figure4_fillseq_ow/workloadc/stdout.txt	31266	503f50df6963970e6d2ad124920b747686caa0ebe9b8f0cfc61e1c38ff171b1c	copied
source_logs/vcomp/experiments/artifacts/log_runs/paper_figure4_uniform_read_cache_260904_1115_uniform_cache_5m/D_pinned_5pct/flush_only/figure4_flush_only/workloadc/raw/diskstats.end	vcomp/experiments/artifacts/log_runs/paper_figure4_uniform_read_cache_260904_1115_uniform_cache_5m/D_pinned_5pct/flush_only/figure4_flush_only/workloadc/raw/diskstats.end	6149	5b81a52a32467d41210f609491ec378698bc71e7d60f49be3fbb38de6f1f3047	copied
source_logs/vcomp/experiments/artifacts/log_runs/paper_figure4_uniform_read_cache_260904_1115_uniform_cache_5m/D_pinned_5pct/flush_only/figure4_flush_only/workloadc/raw/diskstats.start	vcomp/experiments/artifacts/log_runs/paper_figure4_uniform_read_cache_260904_1115_uniform_cache_5m/D_pinned_5pct/flush_only/figure4_flush_only/workloadc/raw/diskstats.start	6149	683c7452955bfb5cfe6e02dee93f1108a93dd6278bfdd331f992ee3b5c1dac55	copied
source_logs/vcomp/experiments/artifacts/log_runs/paper_figure4_uniform_read_cache_260904_1115_uniform_cache_5m/D_pinned_5pct/flush_only/figure4_flush_only/workloadc/raw/run_cmd.sh	vcomp/experiments/artifacts/log_runs/paper_figure4_uniform_read_cache_260904_1115_uniform_cache_5m/D_pinned_5pct/flush_only/figure4_flush_only/workloadc/raw/run_cmd.sh	1096	e70ec2174994155659fb8f5bc34448bf527a31db3ffb8a497cbbadad46b08ad2	copied
source_logs/vcomp/experiments/artifacts/log_runs/paper_figure4_uniform_read_cache_260904_1115_uniform_cache_5m/D_pinned_5pct/flush_only/figure4_flush_only/workloadc/raw/time.out	vcomp/experiments/artifacts/log_runs/paper_figure4_uniform_read_cache_260904_1115_uniform_cache_5m/D_pinned_5pct/flush_only/figure4_flush_only/workloadc/raw/time.out	1825	6f6beb4e3ecf9000655a18360d545acbde252066b620f2285a7851539545d55b	copied
source_logs/vcomp/experiments/artifacts/log_runs/paper_figure4_uniform_read_cache_260904_1115_uniform_cache_5m/D_pinned_5pct/flush_only/figure4_flush_only/workloadc/report.rep	vcomp/experiments/artifacts/log_runs/paper_figure4_uniform_read_cache_260904_1115_uniform_cache_5m/D_pinned_5pct/flush_only/figure4_flush_only/workloadc/report.rep	317	e0ab431292a8264bf90c77f69f722fb724b2eb942ae69a412f671f205550a91f	copied
source_logs/vcomp/experiments/artifacts/log_runs/paper_figure4_uniform_read_cache_260904_1115_uniform_cache_5m/D_pinned_5pct/flush_only/figure4_flush_only/workloadc/stderr.txt	vcomp/experiments/artifacts/log_runs/paper_figure4_uniform_read_cache_260904_1115_uniform_cache_5m/D_pinned_5pct/flush_only/figure4_flush_only/workloadc/stderr.txt	76075	58ef43c3b66aab8fea3e35688e69c13cb4dcad9a4dd95e978d3da490e158853e	copied
source_logs/vcomp/experiments/artifacts/log_runs/paper_figure4_uniform_read_cache_260904_1115_uniform_cache_5m/D_pinned_5pct/flush_only/figure4_flush_only/workloadc/stdout.txt	vcomp/experiments/artifacts/log_runs/paper_figure4_uniform_read_cache_260904_1115_uniform_cache_5m/D_pinned_5pct/flush_only/figure4_flush_only/workloadc/stdout.txt	26976	d55c652d0ce8a64b5afd1c74e62efcb531d133cd32aedfce23156be6ee768f51	copied
source_logs/vcomp/experiments/artifacts/log_runs/paper_figure4_uniform_read_cache_260904_1115_uniform_cache_5m/D_pinned_5pct/last_comp/figure4_last_comp/workloadc/raw/diskstats.end	vcomp/experiments/artifacts/log_runs/paper_figure4_uniform_read_cache_260904_1115_uniform_cache_5m/D_pinned_5pct/last_comp/figure4_last_comp/workloadc/raw/diskstats.end	6149	4f38d5ff3d3b538424e79541b6f9d9c7da7680026b9b153df1cb5ee59e991032	copied
source_logs/vcomp/experiments/artifacts/log_runs/paper_figure4_uniform_read_cache_260904_1115_uniform_cache_5m/D_pinned_5pct/last_comp/figure4_last_comp/workloadc/raw/diskstats.start	vcomp/experiments/artifacts/log_runs/paper_figure4_uniform_read_cache_260904_1115_uniform_cache_5m/D_pinned_5pct/last_comp/figure4_last_comp/workloadc/raw/diskstats.start	6149	5f074eb4315c917ea9f5c191817d8995e960347c1b6b711995485760dfdd8bf7	copied
source_logs/vcomp/experiments/artifacts/log_runs/paper_figure4_uniform_read_cache_260904_1115_uniform_cache_5m/D_pinned_5pct/last_comp/figure4_last_comp/workloadc/raw/run_cmd.sh	vcomp/experiments/artifacts/log_runs/paper_figure4_uniform_read_cache_260904_1115_uniform_cache_5m/D_pinned_5pct/last_comp/figure4_last_comp/workloadc/raw/run_cmd.sh	1092	c86ffebec64039489ab3ca045f2328066efe3f0e45ba57499f230fe7a1c78f71	copied
source_logs/vcomp/experiments/artifacts/log_runs/paper_figure4_uniform_read_cache_260904_1115_uniform_cache_5m/D_pinned_5pct/last_comp/figure4_last_comp/workloadc/raw/time.out	vcomp/experiments/artifacts/log_runs/paper_figure4_uniform_read_cache_260904_1115_uniform_cache_5m/D_pinned_5pct/last_comp/figure4_last_comp/workloadc/raw/time.out	1819	6e2adae897783e2c34ee494cb5533a53542c4e35157eb59be4d133150278ac11	copied
source_logs/vcomp/experiments/artifacts/log_runs/paper_figure4_uniform_read_cache_260904_1115_uniform_cache_5m/D_pinned_5pct/last_comp/figure4_last_comp/workloadc/report.rep	vcomp/experiments/artifacts/log_runs/paper_figure4_uniform_read_cache_260904_1115_uniform_cache_5m/D_pinned_5pct/last_comp/figure4_last_comp/workloadc/report.rep	377	a49bd7426498aeefa0c11d77656bb27e9f8d3419ef6d13d6dcae705771d163d0	copied
source_logs/vcomp/experiments/artifacts/log_runs/paper_figure4_uniform_read_cache_260904_1115_uniform_cache_5m/D_pinned_5pct/last_comp/figure4_last_comp/workloadc/stderr.txt	vcomp/experiments/artifacts/log_runs/paper_figure4_uniform_read_cache_260904_1115_uniform_cache_5m/D_pinned_5pct/last_comp/figure4_last_comp/workloadc/stderr.txt	92274	d77b20962d5fc1167aaea2faee58e864511a4255b32f024742a6271c1fce9c08	copied
source_logs/vcomp/experiments/artifacts/log_runs/paper_figure4_uniform_read_cache_260904_1115_uniform_cache_5m/D_pinned_5pct/last_comp/figure4_last_comp/workloadc/stdout.txt	vcomp/experiments/artifacts/log_runs/paper_figure4_uniform_read_cache_260904_1115_uniform_cache_5m/D_pinned_5pct/last_comp/figure4_last_comp/workloadc/stdout.txt	27480	33a5d77e45aaa87812d38b5a6fbb5b398e6b6397ee3569a11dedb97515efb899	copied
source_logs/vcomp/experiments/artifacts/log_runs/paper_figure4_uniform_read_cache_260904_1115_uniform_cache_5m/D_pinned_5pct/q3_read_summary.tsv	vcomp/experiments/artifacts/log_runs/paper_figure4_uniform_read_cache_260904_1115_uniform_cache_5m/D_pinned_5pct/q3_read_summary.tsv	3696	d604ff7a60a517c5d69c54938e9ac008a316d7978399c23400074981e5da0d70	copied
source_logs/vcomp/experiments/artifacts/log_runs/paper_figure4_uniform_read_cache_260904_1115_uniform_cache_5m/D_pinned_5pct/run.log	vcomp/experiments/artifacts/log_runs/paper_figure4_uniform_read_cache_260904_1115_uniform_cache_5m/D_pinned_5pct/run.log	3138	42d77b28589d28ddc8668a9163904b8a502903926435dae8994b363aa45414ca	copied
source_logs/vcomp/experiments/artifacts/log_runs/paper_figure4_uniform_read_cache_260904_1115_uniform_cache_5m/db_bench.sha256	vcomp/experiments/artifacts/log_runs/paper_figure4_uniform_read_cache_260904_1115_uniform_cache_5m/db_bench.sha256	125	da10625a6a0d8aa5ed7e444a08705aad469ee5a48e6d5f2f6f096e3fb655bd09	copied
source_logs/vcomp/experiments/artifacts/log_runs/paper_figure4_uniform_read_cache_260904_1115_uniform_cache_5m/manifest.txt	vcomp/experiments/artifacts/log_runs/paper_figure4_uniform_read_cache_260904_1115_uniform_cache_5m/manifest.txt	458	7d65244421d54e46552f165a230f90bb1f986627c14ca0bc7b7786bffaeffd7d	copied
source_logs/vcomp/experiments/artifacts/log_runs/paper_figure4_uniform_read_cache_260904_1115_uniform_cache_5m/vcomp-prof.commit	vcomp/experiments/artifacts/log_runs/paper_figure4_uniform_read_cache_260904_1115_uniform_cache_5m/vcomp-prof.commit	41	b366ec36f104eb7779f1d403e7ab6acb00fa8591b99eb025594298fe78287a29	copied
source_logs/vcomp/experiments/artifacts/log_runs/paper_figure4_uniform_read_cache_260904_1115_uniform_cache_5m/vcomp-prof.status	vcomp/experiments/artifacts/log_runs/paper_figure4_uniform_read_cache_260904_1115_uniform_cache_5m/vcomp-prof.status	352	640752fb8a172d9c2a57fc1cc9c40ea7e1dd2c54e8904098920ea814c3c44cb9	copied
source_logs/vcomp/experiments/artifacts/log_runs/paper_figure4_uniform_read_baseline_260905_5m/A_cache_zero/baseline/figure4_baseline/workloadc/raw/diskstats.end	vcomp/experiments/artifacts/log_runs/paper_figure4_uniform_read_baseline_260905_5m/A_cache_zero/baseline/figure4_baseline/workloadc/raw/diskstats.end	6149	c32b0bb6270aafc8f12972902d61ea71d39822384db32b2d3d2ff3977664652d	copied
source_logs/vcomp/experiments/artifacts/log_runs/paper_figure4_uniform_read_baseline_260905_5m/A_cache_zero/baseline/figure4_baseline/workloadc/raw/diskstats.start	vcomp/experiments/artifacts/log_runs/paper_figure4_uniform_read_baseline_260905_5m/A_cache_zero/baseline/figure4_baseline/workloadc/raw/diskstats.start	6149	83bbd45f32e0af1a4ec8f939093ca6ff01df7263c352e134e7c0d2c6da06be81	copied
source_logs/vcomp/experiments/artifacts/log_runs/paper_figure4_uniform_read_baseline_260905_5m/A_cache_zero/baseline/figure4_baseline/workloadc/raw/run_cmd.sh	vcomp/experiments/artifacts/log_runs/paper_figure4_uniform_read_baseline_260905_5m/A_cache_zero/baseline/figure4_baseline/workloadc/raw/run_cmd.sh	1063	5d670c9a26d0dedc3cf20439df14c062a838cd892f42a00952f029eb2282dab0	copied
source_logs/vcomp/experiments/artifacts/log_runs/paper_figure4_uniform_read_baseline_260905_5m/A_cache_zero/baseline/figure4_baseline/workloadc/raw/time.out	vcomp/experiments/artifacts/log_runs/paper_figure4_uniform_read_baseline_260905_5m/A_cache_zero/baseline/figure4_baseline/workloadc/raw/time.out	1787	6aae2b903f090e8f01197d84e9e3f8eb942106069a10ffc7e95d65ea98d7881b	copied
source_logs/vcomp/experiments/artifacts/log_runs/paper_figure4_uniform_read_baseline_260905_5m/A_cache_zero/baseline/figure4_baseline/workloadc/report.rep	vcomp/experiments/artifacts/log_runs/paper_figure4_uniform_read_baseline_260905_5m/A_cache_zero/baseline/figure4_baseline/workloadc/report.rep	347	efde0c56246ef599fe9dbdc91b346ec86c72c64d15e2ca27d8b16211fe54931a	copied
source_logs/vcomp/experiments/artifacts/log_runs/paper_figure4_uniform_read_baseline_260905_5m/A_cache_zero/baseline/figure4_baseline/workloadc/stderr.txt	vcomp/experiments/artifacts/log_runs/paper_figure4_uniform_read_baseline_260905_5m/A_cache_zero/baseline/figure4_baseline/workloadc/stderr.txt	121902	7d95a0abe686c4fedce80c388710d07edf75c5b63e9dcc52898b75d2795bf1ed	copied
source_logs/vcomp/experiments/artifacts/log_runs/paper_figure4_uniform_read_baseline_260905_5m/A_cache_zero/baseline/figure4_baseline/workloadc/stdout.txt	vcomp/experiments/artifacts/log_runs/paper_figure4_uniform_read_baseline_260905_5m/A_cache_zero/baseline/figure4_baseline/workloadc/stdout.txt	31169	435e073c755597c8024405c709af4705bd1ea11fcf46831df4d81b3f07310b4a	copied
source_logs/vcomp/experiments/artifacts/log_runs/paper_figure4_uniform_read_baseline_260905_5m/A_cache_zero/q3_read_summary.tsv	vcomp/experiments/artifacts/log_runs/paper_figure4_uniform_read_baseline_260905_5m/A_cache_zero/q3_read_summary.tsv	1188	59f8c86b642f3d937ec52bd519759248aa96dc65fe8d66fb9a80d8f4a4ab553b	copied
source_logs/vcomp/experiments/artifacts/log_runs/paper_figure4_uniform_read_baseline_260905_5m/A_cache_zero/run.log	vcomp/experiments/artifacts/log_runs/paper_figure4_uniform_read_baseline_260905_5m/A_cache_zero/run.log	1378	e30637db635d55df53b72c0a09135dcb90309aebc6f0023d85f3a485c37b2534	copied
source_logs/vcomp/experiments/artifacts/log_runs/paper_figure4_uniform_read_baseline_260905_5m/B_cache_5pct/baseline/figure4_baseline/workloadc/raw/diskstats.end	vcomp/experiments/artifacts/log_runs/paper_figure4_uniform_read_baseline_260905_5m/B_cache_5pct/baseline/figure4_baseline/workloadc/raw/diskstats.end	6149	9a1fdfe79eab0f34c52abf5ea870387d80818ade5293d3806dfb012c88cf2d3f	copied
source_logs/vcomp/experiments/artifacts/log_runs/paper_figure4_uniform_read_baseline_260905_5m/B_cache_5pct/baseline/figure4_baseline/workloadc/raw/diskstats.start	vcomp/experiments/artifacts/log_runs/paper_figure4_uniform_read_baseline_260905_5m/B_cache_5pct/baseline/figure4_baseline/workloadc/raw/diskstats.start	6149	b75c5364495d592e7556a5a557612056702e946f02cd433708186711727ed986	copied
source_logs/vcomp/experiments/artifacts/log_runs/paper_figure4_uniform_read_baseline_260905_5m/B_cache_5pct/baseline/figure4_baseline/workloadc/raw/run_cmd.sh	vcomp/experiments/artifacts/log_runs/paper_figure4_uniform_read_baseline_260905_5m/B_cache_5pct/baseline/figure4_baseline/workloadc/raw/run_cmd.sh	1073	46860f06f696e3322f3de2af10c587b2fd5cbad5ad5009dfe5afa0871d55b2d7	copied
source_logs/vcomp/experiments/artifacts/log_runs/paper_figure4_uniform_read_baseline_260905_5m/B_cache_5pct/baseline/figure4_baseline/workloadc/raw/time.out	vcomp/experiments/artifacts/log_runs/paper_figure4_uniform_read_baseline_260905_5m/B_cache_5pct/baseline/figure4_baseline/workloadc/raw/time.out	1802	1bb45360dc805fd9adc032daf76bc056e2c554eccf494b2f5109060a6fa1926c	copied
source_logs/vcomp/experiments/artifacts/log_runs/paper_figure4_uniform_read_baseline_260905_5m/B_cache_5pct/baseline/figure4_baseline/workloadc/report.rep	vcomp/experiments/artifacts/log_runs/paper_figure4_uniform_read_baseline_260905_5m/B_cache_5pct/baseline/figure4_baseline/workloadc/report.rep	377	f40a934cec68adce67319a701fcd93c4b3b92db7dc9c5c3970316c55a46ea2c2	copied
source_logs/vcomp/experiments/artifacts/log_runs/paper_figure4_uniform_read_baseline_260905_5m/B_cache_5pct/baseline/figure4_baseline/workloadc/stderr.txt	vcomp/experiments/artifacts/log_runs/paper_figure4_uniform_read_baseline_260905_5m/B_cache_5pct/baseline/figure4_baseline/workloadc/stderr.txt	123163	0c5721b302ae8c729355c15f3324255495feb5e98cc2f554b5fb2fff562a257b	copied
source_logs/vcomp/experiments/artifacts/log_runs/paper_figure4_uniform_read_baseline_260905_5m/B_cache_5pct/baseline/figure4_baseline/workloadc/stdout.txt	vcomp/experiments/artifacts/log_runs/paper_figure4_uniform_read_baseline_260905_5m/B_cache_5pct/baseline/figure4_baseline/workloadc/stdout.txt	31678	1203368a748a8cec628e4a96873992cdc57aa02791b005e7cb9b68081c53af6d	copied
source_logs/vcomp/experiments/artifacts/log_runs/paper_figure4_uniform_read_baseline_260905_5m/B_cache_5pct/q3_read_summary.tsv	vcomp/experiments/artifacts/log_runs/paper_figure4_uniform_read_baseline_260905_5m/B_cache_5pct/q3_read_summary.tsv	1191	157af6695d3d8b8cbb41036da17f03165c513de75edb1d55036622d1840876aa	copied
source_logs/vcomp/experiments/artifacts/log_runs/paper_figure4_uniform_read_baseline_260905_5m/B_cache_5pct/run.log	vcomp/experiments/artifacts/log_runs/paper_figure4_uniform_read_baseline_260905_5m/B_cache_5pct/run.log	1384	460b3cdf40543768f1d487e8d4c693a08c26c8be1c1960dec3a333caf0ec3726	copied
source_logs/vcomp/experiments/artifacts/log_runs/paper_figure4_uniform_read_baseline_260905_5m/C_pinned_zero/baseline/figure4_baseline/workloadc/raw/diskstats.end	vcomp/experiments/artifacts/log_runs/paper_figure4_uniform_read_baseline_260905_5m/C_pinned_zero/baseline/figure4_baseline/workloadc/raw/diskstats.end	6149	13c243b6cb66b497a781068521fb2cc865445b0e89581c0022961a2ea8f4bea1	copied
source_logs/vcomp/experiments/artifacts/log_runs/paper_figure4_uniform_read_baseline_260905_5m/C_pinned_zero/baseline/figure4_baseline/workloadc/raw/diskstats.start	vcomp/experiments/artifacts/log_runs/paper_figure4_uniform_read_baseline_260905_5m/C_pinned_zero/baseline/figure4_baseline/workloadc/raw/diskstats.start	6149	331b4bcbff493ac6c5d4f252f28646aa6e25658b06a21491cc4a4a2db02afc8d	copied
source_logs/vcomp/experiments/artifacts/log_runs/paper_figure4_uniform_read_baseline_260905_5m/C_pinned_zero/baseline/figure4_baseline/workloadc/raw/run_cmd.sh	vcomp/experiments/artifacts/log_runs/paper_figure4_uniform_read_baseline_260905_5m/C_pinned_zero/baseline/figure4_baseline/workloadc/raw/run_cmd.sh	1066	b6603a675b1a4865571fc61bb161e851994fd7834865e6833bb359801d23fd8c	copied
source_logs/vcomp/experiments/artifacts/log_runs/paper_figure4_uniform_read_baseline_260905_5m/C_pinned_zero/baseline/figure4_baseline/workloadc/raw/time.out	vcomp/experiments/artifacts/log_runs/paper_figure4_uniform_read_baseline_260905_5m/C_pinned_zero/baseline/figure4_baseline/workloadc/raw/time.out	1794	58c8c1715c98d8cd41be05ecc8998d0c9557f516feac79d87ce0cd66cd4ddb29	copied
source_logs/vcomp/experiments/artifacts/log_runs/paper_figure4_uniform_read_baseline_260905_5m/C_pinned_zero/baseline/figure4_baseline/workloadc/report.rep	vcomp/experiments/artifacts/log_runs/paper_figure4_uniform_read_baseline_260905_5m/C_pinned_zero/baseline/figure4_baseline/workloadc/report.rep	377	3f7d77d4840616eedac705ab0c9e7cfaa34c953ca7dbcfc584f4e70b079c1b9b	copied
source_logs/vcomp/experiments/artifacts/log_runs/paper_figure4_uniform_read_baseline_260905_5m/C_pinned_zero/baseline/figure4_baseline/workloadc/stderr.txt	vcomp/experiments/artifacts/log_runs/paper_figure4_uniform_read_baseline_260905_5m/C_pinned_zero/baseline/figure4_baseline/workloadc/stderr.txt	119069	28e0e6f6581d87e1a449df25c3f58672124a944e11dccbae1d320f4629accd88	copied
source_logs/vcomp/experiments/artifacts/log_runs/paper_figure4_uniform_read_baseline_260905_5m/C_pinned_zero/baseline/figure4_baseline/workloadc/stdout.txt	vcomp/experiments/artifacts/log_runs/paper_figure4_uniform_read_baseline_260905_5m/C_pinned_zero/baseline/figure4_baseline/workloadc/stdout.txt	31131	e009c9ccc2b8a91357984d3ced19fe6076ca1be8e763447e8f9d1a2fabed34c6	copied
source_logs/vcomp/experiments/artifacts/log_runs/paper_figure4_uniform_read_baseline_260905_5m/C_pinned_zero/q3_read_summary.tsv	vcomp/experiments/artifacts/log_runs/paper_figure4_uniform_read_baseline_260905_5m/C_pinned_zero/q3_read_summary.tsv	1145	cb58d5535d66df8f5d11d83ad148ebe25953704f3a8495471f12defb063e65cf	copied
source_logs/vcomp/experiments/artifacts/log_runs/paper_figure4_uniform_read_baseline_260905_5m/C_pinned_zero/run.log	vcomp/experiments/artifacts/log_runs/paper_figure4_uniform_read_baseline_260905_5m/C_pinned_zero/run.log	1382	1acc43b86411ba19fd5d936ef6da3e4e37d2ce7cc1968e3ac77dc8f76f7a61b4	copied
source_logs/vcomp/experiments/artifacts/log_runs/paper_figure4_uniform_read_baseline_260905_5m/D_pinned_5pct/baseline/figure4_baseline/workloadc/raw/diskstats.end	vcomp/experiments/artifacts/log_runs/paper_figure4_uniform_read_baseline_260905_5m/D_pinned_5pct/baseline/figure4_baseline/workloadc/raw/diskstats.end	6149	a454a164696f2646ef7f3b4a3cdb041fab53270dae7eff358b2ffa3673e1f0bf	copied
source_logs/vcomp/experiments/artifacts/log_runs/paper_figure4_uniform_read_baseline_260905_5m/D_pinned_5pct/baseline/figure4_baseline/workloadc/raw/diskstats.start	vcomp/experiments/artifacts/log_runs/paper_figure4_uniform_read_baseline_260905_5m/D_pinned_5pct/baseline/figure4_baseline/workloadc/raw/diskstats.start	6149	738df8582f17141b092e4015aa317d60273b166ac721707584d60363b85cc68d	copied
source_logs/vcomp/experiments/artifacts/log_runs/paper_figure4_uniform_read_baseline_260905_5m/D_pinned_5pct/baseline/figure4_baseline/workloadc/raw/run_cmd.sh	vcomp/experiments/artifacts/log_runs/paper_figure4_uniform_read_baseline_260905_5m/D_pinned_5pct/baseline/figure4_baseline/workloadc/raw/run_cmd.sh	1076	cd79a784e4667b3077d366ae741994d96ec2e95217e2c12057514f41e072789b	copied
source_logs/vcomp/experiments/artifacts/log_runs/paper_figure4_uniform_read_baseline_260905_5m/D_pinned_5pct/baseline/figure4_baseline/workloadc/raw/time.out	vcomp/experiments/artifacts/log_runs/paper_figure4_uniform_read_baseline_260905_5m/D_pinned_5pct/baseline/figure4_baseline/workloadc/raw/time.out	1805	9acb87212ff61c2680ed100d6227f06c8ee2b2df566da5f60978b7bbc5561525	copied
source_logs/vcomp/experiments/artifacts/log_runs/paper_figure4_uniform_read_baseline_260905_5m/D_pinned_5pct/baseline/figure4_baseline/workloadc/report.rep	vcomp/experiments/artifacts/log_runs/paper_figure4_uniform_read_baseline_260905_5m/D_pinned_5pct/baseline/figure4_baseline/workloadc/report.rep	377	9215ef5b2f98cce531ae6835554e87d4d384386bcfc535d6a50b7e7f92ab75c1	copied
source_logs/vcomp/experiments/artifacts/log_runs/paper_figure4_uniform_read_baseline_260905_5m/D_pinned_5pct/baseline/figure4_baseline/workloadc/stderr.txt	vcomp/experiments/artifacts/log_runs/paper_figure4_uniform_read_baseline_260905_5m/D_pinned_5pct/baseline/figure4_baseline/workloadc/stderr.txt	121047	7e21edc8870a9f8061767fcf26a1e5957de4902c31086b70fb2161d214fbd436	copied
source_logs/vcomp/experiments/artifacts/log_runs/paper_figure4_uniform_read_baseline_260905_5m/D_pinned_5pct/baseline/figure4_baseline/workloadc/stdout.txt	vcomp/experiments/artifacts/log_runs/paper_figure4_uniform_read_baseline_260905_5m/D_pinned_5pct/baseline/figure4_baseline/workloadc/stdout.txt	31332	ec58febeb3561c347ca327ded0ad4dc4cd80cfd363838793359792c9dec4a3c3	copied
source_logs/vcomp/experiments/artifacts/log_runs/paper_figure4_uniform_read_baseline_260905_5m/D_pinned_5pct/q3_read_summary.tsv	vcomp/experiments/artifacts/log_runs/paper_figure4_uniform_read_baseline_260905_5m/D_pinned_5pct/q3_read_summary.tsv	1151	6ce364ad7ffdb80503031648164fb3f872e87b816e2dfe8a8ea4a99ea12f7bf9	copied
source_logs/vcomp/experiments/artifacts/log_runs/paper_figure4_uniform_read_baseline_260905_5m/D_pinned_5pct/run.log	vcomp/experiments/artifacts/log_runs/paper_figure4_uniform_read_baseline_260905_5m/D_pinned_5pct/run.log	1388	c1408947071e8a6fa35b5928ef47d0cf5764ca2de0509705f975a18317c619d0	copied
source_logs/vcomp/experiments/artifacts/log_runs/paper_figure4_uniform_read_baseline_260905_5m/db_bench.sha256	vcomp/experiments/artifacts/log_runs/paper_figure4_uniform_read_baseline_260905_5m/db_bench.sha256	125	da10625a6a0d8aa5ed7e444a08705aad469ee5a48e6d5f2f6f096e3fb655bd09	copied
source_logs/vcomp/experiments/artifacts/log_runs/paper_figure4_uniform_read_baseline_260905_5m/manifest.txt	vcomp/experiments/artifacts/log_runs/paper_figure4_uniform_read_baseline_260905_5m/manifest.txt	414	f3a1db556a469ccbde922bae2d1b2bcfcd2dc5a0d7357afed76278467df1ae2c	copied
source_logs/vcomp/experiments/artifacts/log_runs/paper_figure4_uniform_read_baseline_260905_5m/vcomp-prof.commit	vcomp/experiments/artifacts/log_runs/paper_figure4_uniform_read_baseline_260905_5m/vcomp-prof.commit	41	b366ec36f104eb7779f1d403e7ab6acb00fa8591b99eb025594298fe78287a29	copied
source_logs/vcomp/experiments/artifacts/log_runs/paper_figure4_uniform_read_baseline_260905_5m/vcomp-prof.status	vcomp/experiments/artifacts/log_runs/paper_figure4_uniform_read_baseline_260905_5m/vcomp-prof.status	352	640752fb8a172d9c2a57fc1cc9c40ea7e1dd2c54e8904098920ea814c3c44cb9	copied
reproduction/vcomp/experiments/analysis/summarize_paper_figure4_uniform_read_cache.py	vcomp/experiments/analysis/summarize_paper_figure4_uniform_read_cache.py	11313	7b7d24e09b670b7cdc3927f570a026731e1eb5b2f73f2d6707bbb58c6937e84e	copied
reproduction/vcomp/experiments/analysis/plot_paper_figure4_uniform_read_cache.py	vcomp/experiments/analysis/plot_paper_figure4_uniform_read_cache.py	12295	696cbfb382ffc7375fa0e2138afbd14f35384fbc373ac350813b709dc4a745c4	copied
reproduction/vcomp/experiments/scripts/read/run_paper_figure4_uniform_cache_matrix.sh	vcomp/experiments/scripts/read/run_paper_figure4_uniform_cache_matrix.sh	2811	6cc271df18c972b5ac4601e54b742e240425bd4ba7b8fb35170d068abffa4d74	copied
reproduction/vcomp/experiments/scripts/read/run_q3_read_workloads.sh	vcomp/experiments/scripts/read/run_q3_read_workloads.sh	15310	59a4c1f9ca02cb145706c6587905d4ee12449e5621a2bc2313b28bd7eff67717	copied
reproduction/vcomp/experiments/docs/PAPER_FIGURE4_UNIFORM_READ_CACHE_MATRIX.md	vcomp/experiments/docs/PAPER_FIGURE4_UNIFORM_READ_CACHE_MATRIX.md	10102	ff5e87464f32e6c89a85e68fbaad96caafde96802e92c64e05414b85a6991bcf	copied
